[2026-02-18T04:10:58.576Z] [Agent] Starting Local Autonomous Agent Background Service...
[2026-02-18T04:10:58.577Z] [Agent] Schedule: */15 * * * *
[2026-02-18T04:10:58.588Z] [Agent] [2026-02-18T04:10:58.588Z] Starting Background Sync...
[2026-02-18T04:10:58.588Z] [Agent] Last Sync: 2026-02-18T03:00:48.796Z
[2026-02-18T04:10:58.664Z] [App] > smartai@0.1.0 dev
> next dev
[2026-02-18T04:10:59.222Z] [App Error] ⚠ Port 3000 is in use by process 91370, using available port 3001 instead.
[2026-02-18T04:10:59.233Z] [App] ▲ Next.js 16.1.6 (Turbopack)
[2026-02-18T04:10:59.233Z] [App] - Local:         http://localhost:3001
- Network:       http://192.168.5.18:3001
- Environments: .env.local

✓ Starting...
[2026-02-18T04:11:00.398Z] [App Error] ⨯ Unable to acquire lock at /Users/sankalpv/Documents/sankalpv/Gemini/AntiGravity/smartai/.next/dev/lock, is another instance of next dev running?
[2026-02-18T04:11:00.399Z] [App] Suggestion: If you intended to restart next dev, terminate the other process, and then try again.
[2026-02-18T04:11:00.438Z] [App] [?25h
[2026-02-18T04:11:28.204Z] [Agent] [2026-02-18T04:11:28.204Z] Fetched 50 raw items. Found 1 NEW emails.
[2026-02-18T04:11:28.204Z] [Agent] [2026-02-18T04:11:28.204Z] Ingesting 1 emails into Vector Store...
[2026-02-18T04:11:28.795Z] [Agent] Ingested: [FLASH] UFC team (week 6 and 7)
[Launcher] Shutting down at 2026-02-18T04:12:38.459Z
[2026-02-18T04:12:57.100Z] [Agent] Starting Local Autonomous Agent Background Service...
[2026-02-18T04:12:57.101Z] [Agent] Schedule: */15 * * * *
[2026-02-18T04:12:57.112Z] [Agent] [2026-02-18T04:12:57.112Z] Starting Background Sync...
[2026-02-18T04:12:57.113Z] [Agent] Last Sync: 2026-02-18T04:11:28.795Z
[2026-02-18T04:12:57.175Z] [App] > smartai@0.1.0 dev
> next dev
[2026-02-18T04:12:57.542Z] [App] ▲ Next.js 16.1.6 (Turbopack)
[2026-02-18T04:12:57.542Z] [App] - Local:         http://localhost:3000
- Network:       http://192.168.5.18:3000
- Environments: .env.local
[2026-02-18T04:12:57.542Z] [App] ✓ Starting...
[2026-02-18T04:12:58.018Z] [App] ✓ Ready in 501ms
[2026-02-18T04:12:58.740Z] [App] GET / 200 in 328ms (compile: 157ms, proxy.ts: 85ms, render: 85ms)
[2026-02-18T04:12:58.997Z] [App] [API] Fetching Outlook emails (via JXA Service)...
[2026-02-18T04:12:59.541Z] [App] GET /api/auth/session 200 in 596ms (compile: 578ms, proxy.ts: 6ms, render: 13ms)
[2026-02-18T04:12:59.558Z] [App] GET /api/auth/session 200 in 13ms (compile: 6ms, proxy.ts: 3ms, render: 4ms)
[2026-02-18T04:13:14.001Z] [App Error] First Outlook fetch attempt failed, retrying... Command failed: osascript -l JavaScript "/Users/sankalpv/Documents/sankalpv/Gemini/AntiGravity/smartai/scripts/fetch_outlook_ui_optimized.js" 20
[2026-02-18T04:13:23.400Z] [App] GET / 200 in 67ms (compile: 6ms, proxy.ts: 8ms, render: 53ms)
[2026-02-18T04:13:23.436Z] [App] GET / 200 in 53ms (compile: 3ms, proxy.ts: 19ms, render: 31ms)
[2026-02-18T04:13:23.649Z] [App] GET /api/auth/session 200 in 16ms (compile: 5ms, proxy.ts: 5ms, render: 6ms)
[2026-02-18T04:13:23.663Z] [App] GET /api/auth/session 200 in 11ms (compile: 2ms, proxy.ts: 4ms, render: 5ms)
[2026-02-18T04:13:23.674Z] [App] GET /api/auth/session 200 in 11ms (compile: 2ms, proxy.ts: 4ms, render: 5ms)
[2026-02-18T04:13:23.789Z] [App] GET /api/auth/session 200 in 13ms (compile: 3ms, proxy.ts: 5ms, render: 4ms)
[2026-02-18T04:13:23.802Z] [App] GET /api/auth/session 200 in 10ms (compile: 2ms, proxy.ts: 3ms, render: 4ms)
[2026-02-18T04:13:23.812Z] [App] GET /api/auth/session 200 in 9ms (compile: 1963µs, proxy.ts: 3ms, render: 4ms)
[2026-02-18T04:13:23.823Z] [App] GET /api/auth/session 200 in 10ms (compile: 1984µs, proxy.ts: 4ms, render: 4ms)
[2026-02-18T04:13:25.404Z] [App] GET /api/outlook-local 200 in 26.5s (compile: 41ms, proxy.ts: 6ms, render: 26.4s)
[2026-02-18T04:13:25.414Z] [App] [API] Fetching Outlook emails (via JXA Service)...
[2026-02-18T04:13:30.313Z] [App] GET /api/auth/session 200 in 23ms (compile: 5ms, proxy.ts: 13ms, render: 4ms)
[2026-02-18T04:13:30.335Z] [App] GET /api/auth/session 200 in 11ms (compile: 2ms, proxy.ts: 4ms, render: 5ms)
[2026-02-18T04:13:30.346Z] [App] GET /api/auth/session 200 in 9ms (compile: 1867µs, proxy.ts: 3ms, render: 4ms)
[2026-02-18T04:13:32.308Z] [App] GET /api/auth/session 200 in 22ms (compile: 6ms, proxy.ts: 8ms, render: 8ms)
[2026-02-18T04:13:32.337Z] [App] GET /api/auth/session 200 in 12ms (compile: 3ms, proxy.ts: 5ms, render: 4ms)
[2026-02-18T04:13:34.014Z] [App Error] Failed to fetch Outlook emails: Error: Command failed: osascript -l JavaScript "/Users/sankalpv/Documents/sankalpv/Gemini/AntiGravity/smartai/scripts/fetch_outlook_ui_optimized.js" 20

    at ignore-listed frames {
  code: null,
  killed: true,
  signal: 'SIGTERM',
  cmd: 'osascript -l JavaScript "/Users/sankalpv/Documents/sankalpv/Gemini/AntiGravity/smartai/scripts/fetch_outlook_ui_optimized.js" 20',
  stdout: '',
  stderr: ''
}
[2026-02-18T04:13:40.422Z] [App Error] First Outlook fetch attempt failed, retrying... Command failed: osascript -l JavaScript "/Users/sankalpv/Documents/sankalpv/Gemini/AntiGravity/smartai/scripts/fetch_outlook_ui_optimized.js" 20
[2026-02-18T04:13:43.197Z] [App] GET /api/outlook-local 200 in 17.8s (compile: 1931µs, proxy.ts: 4ms, render: 17.8s)
[2026-02-18T04:13:43.293Z] [App] GET /api/agent-status 200 in 37ms (compile: 29ms, proxy.ts: 4ms, render: 4ms)
[2026-02-18T04:13:43.334Z] [App] [API/Calendar] useMock=false, source=outlook (enforced)
[2026-02-18T04:13:43.335Z] [App] [API/Calendar] Fetching Outlook local events (ID 432)...
[2026-02-18T04:13:43.346Z] [App] GET /api/agent-status 200 in 7ms (compile: 1263µs, proxy.ts: 4ms, render: 1481µs)
[2026-02-18T04:14:00.246Z] [App] Outlook Calendar Raw Output: 70543|||Artemis Self-Healing: Fallback Phase UX Proposal|||2026-02-19T10:30:00|||2026-02-19T11:00:00||||||
70495|||CPP LT Offsite Takeaways|||2026-02-17T15:05:00|||2026-02-17T15:30:00|||CONF US SEA Rufus 03.100 Restricted AV/VC (14) - CONF US SJC10 05.563 Artemis AV/VC (12) - Zoom; https://amazon.zoom.us/j/96494421299?pwd=t3fhqKaxZyMaEQcge5rZcgbfv6cJ3V.1&from=addon|||
70534|||PRISM CPP Internal Sync|||2026-02-17T14:00:00|||2026-02-17T14:30:00||||||
70509|||Custom classifiers weekly goal sync up|||2026-02-17T14:00:00|||2026-02-17T14:30:00|||CONF US SEA Rufus 03.107 AV/VC (10)|||
70548|||Weekly Sync - Drift Detection|||2026-02-18T12:30:00|||2026-02-18T13:00:00|||https://amazon.zoom.us/j/91529403104?pwd=FhIY4hNSaAumlDwtGuqKuWS0395s8y.1&from=addon|||
70533|||Artemis TP Coverage Roadmap Closure Workshop|||2026-02-17T12:00:00|||2026-02-17T14:00:00|||https://amazon.zoom.us/j/97262419416?pwd=QRs5AaGmS2aNmDa8DfUV31ymufJuYQ.1|||
70547|||EE - Sync up on Steel thread |||2026-02-17T12:30:00|||2026-02-17T13:00:00|||CONF US SEA Rufus 03.104 AV/VC (10)|||
70545|||AMS Rearchitecture Plan review|||2026-02-18T15:00:00|||2026-02-18T16:00:00|||https://amazon.zoom.us/j/92185163838?pwd=KauB8y7uxS2iCbEbMFwNS7hDvi1HbQ.1|||
70511|||1:1 Sankalp - Bahadir (Weekly)|||2026-02-17T11:35:00|||2026-02-17T12:00:00|||Bahadir's Office or Zoom; https://amazon.zoom.us/j/94294567398?pwd=RCb7nEqOosjyjAsWmGWtr3TQKWk1qn.1&from=addon|||
70546|||AMS Oncall handoff|||2026-02-17T10:30:00|||2026-02-17T11:00:00|||CONF US SJC10 05.571 Galileo Vendor Access AV/VC (24); https://amazon.zoom.us/j/95138110558?pwd=gvIPRdA5RsnB2rTGVkS4MjBLuwjFDN.1&from=addon|||
70480|||ASCS MBR: CSO|||2026-02-17T09:05:00|||2026-02-17T10:00:00|||Rufus 03.102 -- Zoom|||
70541|||Placeholder Invite - RISC Snowball workshop - BLR - Day 3 (19th Feb)|||2026-02-18T21:30:00|||2026-02-19T03:00:00|||https://amazon.zoom.us/j/99849738227?pwd=JIm4K3BsbqJxbNxcZYbSWN6aVk7bFC.1&from=addon; ,BLR 22 05.413, BLR 22 05.414|||
70540|||Placeholder Invite - RISC Snowball workshop - BLR - Day 2 (18th Feb)|||2026-02-17T21:30:00|||2026-02-18T05:00:00|||https://amazon.zoom.us/j/92083676896?pwd=a1nxPU8RMlsTxxKceAKUMuR5GgKl1b.1&from=addon; ,BLR 22 05.413, BLR 22 05.414|||
70523|||[Reading] eCF Q4 2025 QBR: ASCS|||2026-02-19T08:00:00|||2026-02-19T08:30:00|||Nessie 06.400 + Zoom|||
70524|||[Discussion] eCF Q4 2025 QBR: ASCS|||2026-02-19T08:30:00|||2026-02-19T09:30:00|||Nessie 06.400 + Zoom; https://amazon.zoom.us/j/91315747970?pwd=Yo24Kmf2a2NiScVv32LbI3X08gitwO.1&from=addon|||
70467|||linld@ OOTO 2/19 - 3/19|||2026-02-18T16:00:00|||2026-03-19T17:00:00||||||
[2026-02-18T04:14:00.250Z] [App] [API/Calendar] Found 16 real events
[2026-02-18T04:14:00.250Z] [App] [AI] Searching RAG for meeting: "Artemis Self-Healing: Fallback Phase UX Proposal"
[2026-02-18T04:14:00.317Z] [App] [AI] Using Ollama model: 'gemma2:2b' at http://127.0.0.1:11434
[2026-02-18T04:14:00.445Z] [Agent] [2026-02-18T04:14:00.444Z] Fetched 50 raw items. Found 0 NEW emails.
[2026-02-18T04:14:00.445Z] [Agent] [2026-02-18T04:14:00.445Z] No new emails.
[2026-02-18T04:14:05.945Z] [App] [AI] Meeting Brief Raw: {
    "context": "The meeting is to discuss the Artemis Self-Healing: Fallback Phase UX proposal.  There was a recent discussion regarding the EE roadmap, and there's an update on S-Team goal progress.",
    "questions": ["What are the key takeaways from the Artemis EE roadmap discussion? ", "Has the S-Team goal of reducing additional listing requirements post-ASIN launch been met?", "Are there any specific challenges or concerns related to the UX proposal?"] 
}
[2026-02-18T04:14:05.947Z] [App] [AI] Searching RAG for meeting: "CPP LT Offsite Takeaways"
[2026-02-18T04:14:05.975Z] [App] [AI] Using Ollama model: 'gemma2:2b' at http://127.0.0.1:11434
[2026-02-18T04:14:09.813Z] [App] [AI] Meeting Brief Raw: {
    "context": "The CPP team is holding a meeting to discuss takeaways from the recent offsite.  There's an ongoing discussion about Steel thread synchronization, and Nisha has requested time off on February 23rd.",
    "questions": ["What are the key takeaways from the offsite regarding the Steel thread synchronization? ", "Has there been any progress on the proposed demo session for the CPP Knowledge base feature at ASCS builder productivity Tech talk/Demo?",  "Is there a plan to address Nisha's absence and ensure smooth meeting flow?"]
}
[2026-02-18T04:14:09.814Z] [App] [AI] Searching RAG for meeting: "PRISM CPP Internal Sync"
[2026-02-18T04:14:09.829Z] [App] [AI] Using Ollama model: 'gemma2:2b' at http://127.0.0.1:11434
[2026-02-18T04:14:14.794Z] [App] [AI] Meeting Brief Raw: {
    "context": "The PRISM CPP Internal Sync meeting is scheduled for February 17th at 2 PM.  Ganesh Panaskar initiated the email chain to coordinate a sync-up on the Steel thread, but Nisha Ganwani's OOO status needs to be considered. Sankalp Verma has sent a request for time, and Shiva Sivasubramanian mentions a demo session regarding CPP Knowledge base.",
    "questions": ["What is the current status of the Steel thread discussion?  Has there been any progress on it?", "Is Nisha Ganwani's OOO status impacting the meeting schedule?", "Should we send Sankalp Verma an email acknowledging his request for time or should we wait for him to reach out?"] 
}
[2026-02-18T04:14:14.795Z] [App] [AI] Searching RAG for meeting: "Custom classifiers weekly goal sync up"
[2026-02-18T04:14:14.812Z] [App] [AI] Using Ollama model: 'gemma2:2b' at http://127.0.0.1:11434
[2026-02-18T04:14:18.681Z] [App] [AI] Meeting Brief Raw: {
    "context": "The meeting was cancelled due to a prioritization of scoping discussions.  However, there are ongoing efforts related to custom classifiers, S-Team goals, and the CPP knowledge base. The team is working on reducing additional listing requirements post-ASIN launch.",
    "questions": ["What's the current status of the scoping discussion? What are the key takeaways?", "How can we best leverage the progress made on the S-Team goal to address the remaining challenges?", "Are there any updates on the CPP knowledge base demo session?"] 
}
[2026-02-18T04:14:18.682Z] [App] [AI] Searching RAG for meeting: "Weekly Sync - Drift Detection"
[2026-02-18T04:14:18.697Z] [App] [AI] Using Ollama model: 'gemma2:2b' at http://127.0.0.1:11434
[2026-02-18T04:14:22.134Z] [App] [AI] Meeting Brief Raw: {
    "context": "The meeting is to discuss Drift Detection for Steel thread.  There's a conflict with the Artemis EE roadmap discussion meeting scheduled during this time, and we need to ensure everyone is aligned on the next steps.",
    "questions": ["What are the key findings from the latest drift detection analysis?","Is there an agreed-upon action plan for addressing the identified drifts?", "Should we reschedule the meeting if it conflicts with the Artemis EE roadmap discussion?"] 
}
[2026-02-18T04:14:22.134Z] [App] [AI] Searching RAG for meeting: "Artemis TP Coverage Roadmap Closure Workshop"
[2026-02-18T04:14:22.149Z] [App] [AI] Using Ollama model: 'gemma2:2b' at http://127.0.0.1:11434
[2026-02-18T04:14:26.028Z] [App] [AI] Meeting Brief Raw: {
    "context": "The Artemis TP Coverage Roadmap is currently in a state of flux, with Nisha Ganwani's OOO notice and Ganesh Panaskar's email indicating potential delays.  A meeting to discuss the roadmap closure is scheduled for February 17th, 2026 at 12:00 PM.",
    "questions": ["What are the key milestones in the Artemis TP Coverage Roadmap? ", "Has there been any progress on addressing the identified roadblocks?", "Who will be responsible for finalizing the roadmap and presenting it to stakeholders?"]
}
[2026-02-18T04:14:26.029Z] [App] [AI] Searching RAG for meeting: "EE - Sync up on Steel thread "
[2026-02-18T04:14:26.046Z] [App] [AI] Using Ollama model: 'gemma2:2b' at http://127.0.0.1:11434
[2026-02-18T04:14:29.632Z] [App] [AI] Meeting Brief Raw: {
    "context": "This meeting is to discuss the status of the Steel thread project.  There seems to be a potential conflict with another scheduled meeting, and we need to confirm if this time works for everyone.",
    "questions": ["What's the current status of the Steel thread roadmap? Are there any updates or changes from last week's discussion?", "Should we reschedule the meeting given the other commitments?", "Is there a clear understanding of the next steps for the project?"] 
}
[2026-02-18T04:14:29.633Z] [App] [AI] Searching RAG for meeting: "AMS Rearchitecture Plan review"
[2026-02-18T04:14:29.649Z] [App] [AI] Using Ollama model: 'gemma2:2b' at http://127.0.0.1:11434
[2026-02-18T04:14:33.092Z] [App] [AI] Meeting Brief Raw: {
    "context": "The meeting is to review the AMS Rearchitecture Plan.  Last week, Jibin initiated a meeting request and the team has been preparing for the discussion based on emails regarding the plan's progress.",
    "questions": ["What are the key takeaways from the proposed changes in the AMS Rearchitecture plan?", "Has there been any feedback or concerns raised about the proposed changes? ", "What is the expected outcome of this meeting? "] 
}
[2026-02-18T04:14:33.093Z] [App] [AI] Searching RAG for meeting: "1:1 Sankalp - Bahadir (Weekly)"
[2026-02-18T04:14:33.110Z] [App] [AI] Using Ollama model: 'gemma2:2b' at http://127.0.0.1:11434
[2026-02-18T04:14:36.700Z] [App] [AI] Meeting Brief Raw: {
    "context": "Sankalp, there's a scheduled meeting with Bahadir to discuss progress on various projects.  The email history suggests that the focus is on the Artemis EE roadmap and S-Team goal for reducing additional listing requirements post-ASIN launch.",
    "questions": ["What are the key takeaways from the Artemis EE roadmap discussion? ", "Has there been any update on the percentage of additional listing requirements detected post-ASIN launch?", "Are we meeting our target of reducing these requirements?"] 
}
[2026-02-18T04:14:36.700Z] [App] [AI] Searching RAG for meeting: "AMS Oncall handoff"
[2026-02-18T04:14:36.715Z] [App] [AI] Using Ollama model: 'gemma2:2b' at http://127.0.0.1:11434
[2026-02-18T04:14:40.578Z] [App] [AI] Meeting Brief Raw: {
    "context": "The meeting is to discuss the AMS Oncall handoff.  There seems to be a mix of canceled and upcoming events, including a Watch Party registration deadline.  We need to understand Sankalp's request for time and what happened with the last leadership sync.",
    "questions": ["What is the status of the AMS oncall handoff? What are the key points we need to address in this meeting?", "Has there been any update on Sankalp's request for time, and what is the context of that request?"] 
}
[2026-02-18T04:14:40.579Z] [App] [AI] Searching RAG for meeting: "ASCS MBR: CSO"
[2026-02-18T04:14:40.593Z] [App] [AI] Using Ollama model: 'gemma2:2b' at http://127.0.0.1:11434
[2026-02-18T04:14:44.836Z] [App] [AI] Meeting Brief Raw: {
    "context": "The meeting is scheduled for February 17th, 2026 at 9:05 AM to discuss the Steel thread.  There appears to be a scheduling conflict with Nisha being out of office on Monday, February 23rd.  A discussion about the Artemis EE roadmap will likely take place during this meeting.",
    "questions": ["What is the current status of the Steel thread project? What are the key milestones and challenges?", "Has there been any progress made on the roadmap for Artemis EE?", "Who should be attending the meeting, and what is their role in the discussion?"] 
}
[2026-02-18T04:14:44.837Z] [App] [AI] Searching RAG for meeting: "Placeholder Invite - RISC Snowball workshop - BLR - Day 3 (19th Feb)"
[2026-02-18T04:14:44.855Z] [App] [AI] Using Ollama model: 'gemma2:2b' at http://127.0.0.1:11434
[2026-02-18T04:14:48.588Z] [App] [AI] Meeting Brief Raw: {
    "context": "This meeting is a follow-up to the RISC Snowball workshop in BLR, with attendees expected to discuss the progress of the project. The emails show that there was an initial invitation sent out for this workshop and we need to ensure all participants are ready to contribute.",
    "questions": ["What is the main objective of the workshop?", "Are there any specific deliverables or milestones to be discussed?", "Has a detailed agenda been shared with attendees? "] 
}
[2026-02-18T04:14:48.588Z] [App] [AI] Searching RAG for meeting: "Placeholder Invite - RISC Snowball workshop - BLR - Day 2 (18th Feb)"
[2026-02-18T04:14:48.605Z] [App] [AI] Using Ollama model: 'gemma2:2b' at http://127.0.0.1:11434
[2026-02-18T04:14:52.030Z] [App] [AI] Meeting Brief Raw: {
    "context": "This meeting is for the RISC Snowball workshop in BLR, taking place on February 18th. The email chain shows a series of invitations and follow-ups regarding this event.",
    "questions": ["What are the key objectives of the workshop?", "Has there been any progress on the agenda or action items from previous meetings? ", "Who is responsible for delivering the demo at ASCS builder productivity Tech talk/Demo?"] 
}
[2026-02-18T04:14:52.031Z] [App] [AI] Searching RAG for meeting: "[Reading] eCF Q4 2025 QBR: ASCS"
[2026-02-18T04:14:52.046Z] [App] [AI] Using Ollama model: 'gemma2:2b' at http://127.0.0.1:11434
[2026-02-18T04:14:57.118Z] [App] [AI] Meeting Brief Raw: {
    "context": "This meeting is to discuss the eCF Q4 2025 Quarterly Business Review (QBR) for ASCS.  Nisha Ganwani's email indicates she will be out of office on February 23rd, and Ganesh Panaskar has requested a sync-up regarding the Steel thread.  There are updates from Ganga Muthyala regarding S-Team goal progress.",
    "questions": ["What is the current status of the eCF Q4 2025 QBR for ASCS? ", "What action items have been identified in relation to the Steel thread, and who should be involved?",  "What are the key updates from Ganga Muthyala regarding the S-Team goal progress? "]
}
[2026-02-18T04:14:57.119Z] [App] [AI] Searching RAG for meeting: "[Discussion] eCF Q4 2025 QBR: ASCS"
[2026-02-18T04:14:57.136Z] [App] [AI] Using Ollama model: 'gemma2:2b' at http://127.0.0.1:11434
[2026-02-18T04:15:00.030Z] [Agent] [2026-02-18T04:15:00.030Z] Starting Background Sync...
[2026-02-18T04:15:00.030Z] [Agent] Last Sync: 2026-02-18T04:11:28.795Z
[2026-02-18T04:15:01.609Z] [App] [AI] Meeting Brief Raw: {
    "context": "The meeting is to discuss eCF Q4 2025 QBR: ASCS.  Last week, Nisha was out of office and there were updates on the S-Team goal regarding additional listing requirements.  We need to ensure we are aligned on the status and next steps for this quarter.",
    "questions": ["What is the current status of the eCF Q4 2025 QBR: ASCS plan?","Who will be responsible for addressing the issue raised in Email 3 regarding additional listing requirements post-ASIN launch?","Has there been any progress on the Steel thread synchronization effort as discussed in Email 2?"]
}
[2026-02-18T04:15:01.610Z] [App] [AI] Searching RAG for meeting: "linld@ OOTO 2/19 - 3/19"
[2026-02-18T04:15:01.628Z] [App] [AI] Using Ollama model: 'gemma2:2b' at http://127.0.0.1:11434
[2026-02-18T04:15:04.845Z] [App] [AI] Meeting Brief Raw: {
    "context": "This meeting is to discuss the 'linld@ OOTO' project, with a focus on the upcoming February game day for the Catalog Pipeline.  There seems to be some scheduling and coordination needed regarding the Steel thread synchronization.",
    "questions": ["What is the status of the Steel thread synchronization? What are the key deliverables?", "Who will be attending this meeting and what are their roles in the project?"] 
}
[2026-02-18T04:15:04.858Z] [App] GET /api/calendar 200 in 82s (compile: 124ms, proxy.ts: 6ms, render: 82s)
[2026-02-18T04:15:04.902Z] [App] [AI] Using Ollama model: 'gemma2:2b' at http://127.0.0.1:11434
[2026-02-18T04:15:04.927Z] [App] [API/Analyze] source=outlook, useMock=false, session=true
[2026-02-18T04:15:04.927Z] [App] [API/Analyze] Fetching real data for outlook...
[2026-02-18T04:15:04.929Z] [App] Google Calendar fetching is disabled. Using Local Outlook (ID 432) only.
[2026-02-18T04:15:13.434Z] [App] GET /api/slack 200 in 8.6s (compile: 28ms, proxy.ts: 9ms, render: 8.5s)
[2026-02-18T04:15:19.938Z] [App Error] First Outlook fetch attempt failed, retrying... Command failed: osascript -l JavaScript "/Users/sankalpv/Documents/sankalpv/Gemini/AntiGravity/smartai/scripts/fetch_outlook_ui_optimized.js" 20
[2026-02-18T04:15:39.948Z] [App Error] Failed to fetch Outlook emails: Error: Command failed: osascript -l JavaScript "/Users/sankalpv/Documents/sankalpv/Gemini/AntiGravity/smartai/scripts/fetch_outlook_ui_optimized.js" 20

    at ignore-listed frames {
  code: null,
  killed: true,
  signal: 'SIGTERM',
  cmd: 'osascript -l JavaScript "/Users/sankalpv/Documents/sankalpv/Gemini/AntiGravity/smartai/scripts/fetch_outlook_ui_optimized.js" 20',
  stdout: '',
  stderr: ''
}
[2026-02-18T04:15:39.949Z] [App] [AI] Using Ollama model: 'gemma2:2b' at http://127.0.0.1:11434
[2026-02-18T04:15:41.901Z] [App] [AI] Briefing Raw: Good morning!  Today's focus is on addressing the critical issue of the system error encountered during script execution. This error suggests a potential disruption in our workflow and may require immediate attention. While we await further information from System, let's prioritize resolving this technical challenge to ensure seamless operations throughout the day. 

**Top Priorities:**

- **Start:**  Reach out to System to understand the root cause of the error and its impact on scheduled tasks.
- **Decide:**  Determine if any immediate adjustments need to be made to our workflow or project timelines due to this error. 
- **Follow up:**  Schedule a brief meeting with the development team to discuss potential solutions and mitigation strategies for similar errors in the future.

Let me know if you have any questions or require further assistance!
[2026-02-18T04:15:41.904Z] [App] GET /api/analyze?source=outlook 200 in 37.0s (compile: 47ms, proxy.ts: 9ms, render: 37.0s)
[2026-02-18T04:15:41.916Z] [App] [AI] Using Ollama model: 'gemma2:2b' at http://127.0.0.1:11434
[2026-02-18T04:15:45.861Z] [Agent] [2026-02-18T04:15:45.861Z] Fetched 50 raw items. Found 0 NEW emails.
[2026-02-18T04:15:45.861Z] [Agent] [2026-02-18T04:15:45.861Z] No new emails.
[2026-02-18T04:15:50.696Z] [App] GET /api/slack 200 in 8.8s (compile: 2ms, proxy.ts: 5ms, render: 8.8s)
[2026-02-18T04:15:50.713Z] [App] [API/Analyze] source=outlook, useMock=false, session=true
[2026-02-18T04:15:50.714Z] [App] [API/Analyze] Fetching real data for outlook...
[2026-02-18T04:15:50.714Z] [App] Google Calendar fetching is disabled. Using Local Outlook (ID 432) only.
[2026-02-18T04:15:51.882Z] [App] [AI] Using Ollama model: 'gemma2:2b' at http://127.0.0.1:11434
[2026-02-18T04:15:55.228Z] [App] [AI] Briefing Raw: Good morning!  Today's focus is on the UFC team's brainstorming session for a new name and the potential impact of BDT's External Tables GA launch. Rishi Bhasin has initiated discussions regarding a new name for their 2P team, while Ganesh Bharadwaj raises concerns about the deprecation of CreateCrawler service for Andes Registry dataset creation.  We also need to address Shiva's questions on the CR review assistant tool and prepare for the ASCS forum presentation. Let's tackle these high-impact items head-on to ensure a smooth workflow.

**Top Priorities:**

- **Start:** Schedule a meeting with Rishi Bhasin to discuss the new name for the UFC team and its potential impact on existing workflows. 
- **Decide:**  Determine how to best address Ganesh Bharadwaj's concerns regarding the CreateCrawler service deprecation for Andes Registry dataset creation, considering existing automation solutions. 
- **Follow up:**  Respond to Shiva's questions about the CR review assistant tool and clarify its unique features and benefits compared to AutoSDE. 
- **Prepare:**  Finalize the ASCS forum presentation on the CPP Knowledge base demo and ensure all necessary materials are ready for the meeting.


Let me know if you need any further assistance or have any specific requests!
[2026-02-18T04:15:55.238Z] [App] GET /api/analyze?source=outlook 200 in 4.5s (compile: 2ms, proxy.ts: 7ms, render: 4.5s)
[2026-02-18T04:16:03.729Z] [App] GET /api/auth/session 200 in 22ms (compile: 8ms, proxy.ts: 7ms, render: 7ms)
[2026-02-18T04:16:03.743Z] [App] GET /api/auth/session 200 in 10ms (compile: 2ms, proxy.ts: 4ms, render: 4ms)
[2026-02-18T04:16:23.023Z] [App] [AI] Generating draft for: "[FLASH] UFC team (week 6 and 7)" with RAG context.
[2026-02-18T04:16:23.025Z] [App] [AI] Using Ollama model: 'gemma2:2b' at http://127.0.0.1:11434
[2026-02-18T04:16:24.275Z] [App] POST /api/draft 200 in 1343ms (compile: 27ms, proxy.ts: 9ms, render: 1307ms)
[2026-02-18T04:19:09.479Z] [App] ✓ Compiled in 55ms
[2026-02-18T04:20:40.152Z] [App] GET /api/auth/session 200 in 29ms (compile: 8ms, proxy.ts: 9ms, render: 12ms)
[2026-02-18T04:20:40.168Z] [App] GET /api/auth/session 200 in 12ms (compile: 2ms, proxy.ts: 5ms, render: 5ms)
[Launcher] Shutting down at 2026-02-18T04:20:54.988Z
[2026-02-18T04:21:00.760Z] [Agent] Starting Local Autonomous Agent Background Service...
[2026-02-18T04:21:00.762Z] [Agent] Schedule: */15 * * * *
[2026-02-18T04:21:00.772Z] [Agent] [2026-02-18T04:21:00.772Z] Starting Background Sync...
Last Sync: 2026-02-18T04:11:28.795Z
[2026-02-18T04:21:00.846Z] [App] > smartai@0.1.0 dev
> next dev
[2026-02-18T04:21:01.266Z] [App] ▲ Next.js 16.1.6 (Turbopack)
[2026-02-18T04:21:01.266Z] [App] - Local:         http://localhost:3000
- Network:       http://192.168.5.18:3000
[2026-02-18T04:21:01.266Z] [App] - Environments: .env.local

✓ Starting...
[2026-02-18T04:21:01.837Z] [App] ✓ Ready in 596ms
[2026-02-18T04:21:05.423Z] [App] GET / 200 in 386ms (compile: 177ms, proxy.ts: 122ms, render: 87ms)
[2026-02-18T04:21:05.626Z] [App] [API] Fetching Outlook emails (via JXA Service)...
[2026-02-18T04:21:06.157Z] [App] GET /api/auth/session 200 in 583ms (compile: 561ms, proxy.ts: 9ms, render: 12ms)
[2026-02-18T04:21:06.177Z] [App] GET /api/auth/session 200 in 11ms (compile: 4ms, proxy.ts: 3ms, render: 4ms)
[2026-02-18T04:21:17.686Z] [App] GET / 200 in 57ms (compile: 5ms, proxy.ts: 7ms, render: 44ms)
[2026-02-18T04:21:17.719Z] [App] GET / 200 in 46ms (compile: 5ms, proxy.ts: 15ms, render: 26ms)
[2026-02-18T04:21:17.960Z] [App] GET /api/auth/session 200 in 21ms (compile: 7ms, proxy.ts: 8ms, render: 6ms)
[2026-02-18T04:21:17.975Z] [App] GET /api/auth/session 200 in 12ms (compile: 2ms, proxy.ts: 4ms, render: 6ms)
[2026-02-18T04:21:17.997Z] [App] GET /api/auth/session 200 in 21ms (compile: 6ms, proxy.ts: 9ms, render: 6ms)
[2026-02-18T04:21:18.122Z] [App] GET /api/auth/session 200 in 11ms (compile: 2ms, proxy.ts: 4ms, render: 4ms)
[2026-02-18T04:21:18.136Z] [App] GET /api/auth/session 200 in 12ms (compile: 5ms, proxy.ts: 3ms, render: 4ms)
[2026-02-18T04:21:18.146Z] [App] GET /api/auth/session 200 in 9ms (compile: 2ms, proxy.ts: 4ms, render: 4ms)
[2026-02-18T04:21:18.157Z] [App] GET /api/auth/session 200 in 10ms (compile: 1927µs, proxy.ts: 4ms, render: 4ms)
[2026-02-18T04:21:20.277Z] [App] GET /api/outlook-local 200 in 14.7s (compile: 38ms, proxy.ts: 10ms, render: 14.7s)
[2026-02-18T04:21:20.287Z] [App] [API] Fetching Outlook emails (via JXA Service)...
[2026-02-18T04:21:20.629Z] [App Error] First Outlook fetch attempt failed, retrying... Command failed: osascript -l JavaScript "/Users/sankalpv/Documents/sankalpv/Gemini/AntiGravity/smartai/scripts/fetch_outlook_ui_optimized.js" 20
[2026-02-18T04:21:27.923Z] [App] GET /api/outlook-local 200 in 7.6s (compile: 3ms, proxy.ts: 3ms, render: 7.6s)
[2026-02-18T04:21:28.014Z] [App] GET /api/agent-status 200 in 54ms (compile: 46ms, proxy.ts: 4ms, render: 4ms)
[2026-02-18T04:21:28.051Z] [App] [API/Calendar] useMock=false, source=outlook (enforced)
[2026-02-18T04:21:28.052Z] [App] [API/Calendar] Fetching Outlook local events (ID 432)...
[2026-02-18T04:21:28.063Z] [App] GET /api/agent-status 200 in 9ms (compile: 2ms, proxy.ts: 4ms, render: 2ms)
[2026-02-18T04:21:29.129Z] [App] GET /api/auth/session 200 in 17ms (compile: 6ms, proxy.ts: 4ms, render: 6ms)
[2026-02-18T04:21:29.142Z] [App] GET /api/auth/session 200 in 9ms (compile: 1792µs, proxy.ts: 4ms, render: 4ms)
[2026-02-18T04:21:38.542Z] [App] [AI] Generating draft for: "[FLASH] UFC team (week 6 and 7)" with RAG context.
[2026-02-18T04:21:38.543Z] [App] [AI] Using Ollama model: 'gemma2:2b' at http://127.0.0.1:11434
[2026-02-18T04:21:41.150Z] [App] POST /api/draft 200 in 4.3s (compile: 24ms, proxy.ts: 6ms, render: 4.2s)
[2026-02-18T04:21:41.224Z] [App] Outlook Calendar Raw Output: 70543|||Artemis Self-Healing: Fallback Phase UX Proposal|||2026-02-19T10:30:00|||2026-02-19T11:00:00||||||
70495|||CPP LT Offsite Takeaways|||2026-02-17T15:05:00|||2026-02-17T15:30:00|||CONF US SEA Rufus 03.100 Restricted AV/VC (14) - CONF US SJC10 05.563 Artemis AV/VC (12) - Zoom; https://amazon.zoom.us/j/96494421299?pwd=t3fhqKaxZyMaEQcge5rZcgbfv6cJ3V.1&from=addon|||
70534|||PRISM CPP Internal Sync|||2026-02-17T14:00:00|||2026-02-17T14:30:00||||||
70509|||Custom classifiers weekly goal sync up|||2026-02-17T14:00:00|||2026-02-17T14:30:00|||CONF US SEA Rufus 03.107 AV/VC (10)|||
70548|||Weekly Sync - Drift Detection|||2026-02-18T12:30:00|||2026-02-18T13:00:00|||https://amazon.zoom.us/j/91529403104?pwd=FhIY4hNSaAumlDwtGuqKuWS0395s8y.1&from=addon|||
70533|||Artemis TP Coverage Roadmap Closure Workshop|||2026-02-17T12:00:00|||2026-02-17T14:00:00|||https://amazon.zoom.us/j/97262419416?pwd=QRs5AaGmS2aNmDa8DfUV31ymufJuYQ.1|||
70547|||EE - Sync up on Steel thread |||2026-02-17T12:30:00|||2026-02-17T13:00:00|||CONF US SEA Rufus 03.104 AV/VC (10)|||
70545|||AMS Rearchitecture Plan review|||2026-02-18T15:00:00|||2026-02-18T16:00:00|||https://amazon.zoom.us/j/92185163838?pwd=KauB8y7uxS2iCbEbMFwNS7hDvi1HbQ.1|||
70511|||1:1 Sankalp - Bahadir (Weekly)|||2026-02-17T11:35:00|||2026-02-17T12:00:00|||Bahadir's Office or Zoom; https://amazon.zoom.us/j/94294567398?pwd=RCb7nEqOosjyjAsWmGWtr3TQKWk1qn.1&from=addon|||
70546|||AMS Oncall handoff|||2026-02-17T10:30:00|||2026-02-17T11:00:00|||CONF US SJC10 05.571 Galileo Vendor Access AV/VC (24); https://amazon.zoom.us/j/95138110558?pwd=gvIPRdA5RsnB2rTGVkS4MjBLuwjFDN.1&from=addon|||
70480|||ASCS MBR: CSO|||2026-02-17T09:05:00|||2026-02-17T10:00:00|||Rufus 03.102 -- Zoom|||
70541|||Placeholder Invite - RISC Snowball workshop - BLR - Day 3 (19th Feb)|||2026-02-18T21:30:00|||2026-02-19T03:00:00|||https://amazon.zoom.us/j/99849738227?pwd=JIm4K3BsbqJxbNxcZYbSWN6aVk7bFC.1&from=addon; ,BLR 22 05.413, BLR 22 05.414|||
70540|||Placeholder Invite - RISC Snowball workshop - BLR - Day 2 (18th Feb)|||2026-02-17T21:30:00|||2026-02-18T05:00:00|||https://amazon.zoom.us/j/92083676896?pwd=a1nxPU8RMlsTxxKceAKUMuR5GgKl1b.1&from=addon; ,BLR 22 05.413, BLR 22 05.414|||
70523|||[Reading] eCF Q4 2025 QBR: ASCS|||2026-02-19T08:00:00|||2026-02-19T08:30:00|||Nessie 06.400 + Zoom|||
70524|||[Discussion] eCF Q4 2025 QBR: ASCS|||2026-02-19T08:30:00|||2026-02-19T09:30:00|||Nessie 06.400 + Zoom; https://amazon.zoom.us/j/91315747970?pwd=Yo24Kmf2a2NiScVv32LbI3X08gitwO.1&from=addon|||
70467|||linld@ OOTO 2/19 - 3/19|||2026-02-18T16:00:00|||2026-03-19T17:00:00||||||
[2026-02-18T04:21:41.225Z] [App] [API/Calendar] Found 16 real events
[2026-02-18T04:21:41.225Z] [App] [AI] Searching RAG for meeting: "Artemis Self-Healing: Fallback Phase UX Proposal"
[2026-02-18T04:21:41.241Z] [App] [AI] Using Ollama model: 'gemma2:2b' at http://127.0.0.1:11434
[2026-02-18T04:21:41.461Z] [Agent] [2026-02-18T04:21:41.461Z] Fetched 50 raw items. Found 0 NEW emails.
[2026-02-18T04:21:41.461Z] [Agent] [2026-02-18T04:21:41.461Z] No new emails.
[2026-02-18T04:21:44.856Z] [App] [AI] Meeting Brief Raw: {
    "context": "The meeting is to discuss the Artemis Self-Healing: Fallback Phase UX Proposal.  Previous discussions focused on the EE roadmap and the upcoming meeting aims to finalize the proposal.",
    "questions": ["What are the key takeaways from the Artemis EE roadmap discussion? ", "Has there been any progress on the S-Team goal of reducing additional listing requirements post-ASIN launch?", "Are there any specific concerns or challenges related to the proposed UX solution?"] 
}
[2026-02-18T04:21:44.857Z] [App] [AI] Searching RAG for meeting: "CPP LT Offsite Takeaways"
[2026-02-18T04:21:44.873Z] [App] [AI] Using Ollama model: 'gemma2:2b' at http://127.0.0.1:11434
[2026-02-18T04:21:48.411Z] [App] [AI] Meeting Brief Raw: {
    "context": "The CPP team is meeting to discuss takeaways from the recent offsite.  Sankalp has requested a time and Nisha is out of office on Monday, February 23rd. We need to determine if the Steel thread sync-up will be rescheduled or adjusted.",
    "questions": ["What are the key takeaways from the offsite? ", "Should we reschedule the Steel thread sync-up?", "Has Sankalp provided a specific time frame for his request?"]
}
[2026-02-18T04:21:48.412Z] [App] [AI] Searching RAG for meeting: "PRISM CPP Internal Sync"
[2026-02-18T04:21:48.425Z] [App] [AI] Using Ollama model: 'gemma2:2b' at http://127.0.0.1:11434
[2026-02-18T04:21:52.120Z] [App] [AI] Meeting Brief Raw: {
    "context": "The PRISM CPP Internal Sync meeting is scheduled for February 17th at 2:00 PM. The email history suggests that there's a need to sync up on the Steel thread and address potential scheduling conflicts.",
    "questions": ["What are the specific updates needed from each team member regarding the Steel thread? ", "Has anyone confirmed Nisha's availability for the meeting?", "Is there an agreed-upon agenda or topics to be discussed during the meeting?"] 
}
[2026-02-18T04:21:52.121Z] [App] [AI] Searching RAG for meeting: "Custom classifiers weekly goal sync up"
[2026-02-18T04:21:52.137Z] [App] [AI] Using Ollama model: 'gemma2:2b' at http://127.0.0.1:11434
[2026-02-18T04:21:55.968Z] [App] [AI] Meeting Brief Raw: {
    "context": "The meeting was canceled to prioritize a scoping discussion, but there's an urgent need to sync up on custom classifiers weekly goals.  We also have updates regarding the S-Team goal and the CPP knowledge base demo.",
    "questions": ["What are the key takeaways from the scoping discussion? ", "What is the current status of the S-Team goal reduction efforts? ", "Is there a plan to address the additional listing requirements post-ASIN launch?"] 
}
[2026-02-18T04:21:55.968Z] [App] [AI] Searching RAG for meeting: "Weekly Sync - Drift Detection"
[2026-02-18T04:21:55.983Z] [App] [AI] Using Ollama model: 'gemma2:2b' at http://127.0.0.1:11434
[2026-02-18T04:21:59.893Z] [App] GET / 200 in 46ms (compile: 6ms, proxy.ts: 8ms, render: 32ms)
[2026-02-18T04:21:59.898Z] [App] GET /api/calendar 200 in 32.0s (compile: 118ms, proxy.ts: 3ms, render: 31.8s)
[2026-02-18T04:22:00.105Z] [App] [API] Fetching Outlook emails (via JXA Service)...
[2026-02-18T04:22:00.116Z] [App] GET /api/auth/session 200 in 26ms (compile: 9ms, proxy.ts: 11ms, render: 6ms)
[2026-02-18T04:22:00.134Z] [App] GET /api/auth/session 200 in 12ms (compile: 1938µs, proxy.ts: 4ms, render: 7ms)
[2026-02-18T04:22:00.164Z] [App] [AI] Meeting Brief Raw: {
    "context": "The weekly sync meeting for Drift Detection is scheduled for 2026-02-18 at 12:30 PM.  This meeting was originally intended to be a follow-up on the Steel thread discussion, but there seems to be a conflict with another meeting during that time.",
    "questions": ["What is the status of the Steel thread discussion? Has it been resolved or postponed?", "Has anyone confirmed their attendance for this meeting? ", "Are we still aiming to discuss Drift Detection at this meeting?"] 
}
[2026-02-18T04:22:00.164Z] [App] [AI] Searching RAG for meeting: "Artemis TP Coverage Roadmap Closure Workshop"
[2026-02-18T04:22:00.179Z] [App] [AI] Using Ollama model: 'gemma2:2b' at http://127.0.0.1:11434
[2026-02-18T04:22:01.493Z] [App] GET /api/outlook-local 200 in 1403ms (compile: 4ms, proxy.ts: 9ms, render: 1390ms)
[2026-02-18T04:22:01.505Z] [App] [API/Calendar] useMock=false, source=outlook (enforced)
[2026-02-18T04:22:01.506Z] [App] [API/Calendar] Fetching Outlook local events (ID 432)...
[2026-02-18T04:22:01.506Z] [App] Returning cached Outlook calendar data
[2026-02-18T04:22:01.506Z] [App] [API/Calendar] Found 16 real events
[2026-02-18T04:22:01.506Z] [App] [AI] Searching RAG for meeting: "Artemis Self-Healing: Fallback Phase UX Proposal"
[2026-02-18T04:22:01.520Z] [App] GET /api/agent-status 200 in 10ms (compile: 3ms, proxy.ts: 4ms, render: 3ms)
[2026-02-18T04:22:01.523Z] [App] [AI] Using Ollama model: 'gemma2:2b' at http://127.0.0.1:11434
[2026-02-18T04:22:01.530Z] [App] GET /api/agent-status 200 in 9ms (compile: 1153µs, proxy.ts: 6ms, render: 1887µs)
[2026-02-18T04:22:04.421Z] [App] [AI] Meeting Brief Raw: {
    "context": "The Artemis TP Coverage Roadmap is currently in a state of flux.  Nisha Ganwani's email indicates she will be out of the office on February 23rd, and there seems to be some ongoing discussion regarding the Steel thread. We need to understand the current status of the roadmap and address any outstanding issues.",
    "questions": ["What is the current status of the Artemis TP Coverage Roadmap? What are the key milestones that need to be addressed?", "Has there been any progress on the Steel thread issue? If so, what is the next step in addressing it?"] 
}
[2026-02-18T04:22:04.421Z] [App] [AI] Searching RAG for meeting: "EE - Sync up on Steel thread "
[2026-02-18T04:22:04.458Z] [App] [AI] Using Ollama model: 'gemma2:2b' at http://127.0.0.1:11434
[2026-02-18T04:22:06.106Z] [App] [AI] Generating draft for: "[FLASH] UFC team (week 6 and 7)" with RAG context.
[2026-02-18T04:22:06.106Z] [App] [AI] Using Ollama model: 'gemma2:2b' at http://127.0.0.1:11434
[2026-02-18T04:22:08.121Z] [App] [AI] Meeting Brief Raw: {
    "context": "The meeting is to discuss the Artemis Self-Healing: Fallback Phase UX proposal.  There was a previous discussion about the Steel thread roadmap, and attendees are now preparing for this meeting.",
    "questions": ["What are the key takeaways from the Steel thread roadmap discussion? ", "Has there been any progress on the S-Team goal of reducing additional listing requirements post-ASIN launch?", "What are the potential challenges or risks associated with the Fallback Phase UX proposal?"] 
}
[2026-02-18T04:22:08.121Z] [App] [AI] Searching RAG for meeting: "CPP LT Offsite Takeaways"
[2026-02-18T04:22:08.152Z] [App] [AI] Using Ollama model: 'gemma2:2b' at http://127.0.0.1:11434
[2026-02-18T04:22:11.477Z] [App] [AI] Meeting Brief Raw: {
    "context": "This meeting is to discuss the status of the Steel thread initiative. There seems to be a conflict with the Artemis EE roadmap discussion meeting scheduled for the same time.",
    "questions": ["What are the key takeaways from the Steel thread discussions? ", "Are there any updates on the progress of the Steel thread initiative?", "Has there been any decision regarding the proposed changes to the Steel thread?"] 
}
[2026-02-18T04:22:11.478Z] [App] [AI] Searching RAG for meeting: "AMS Rearchitecture Plan review"
[2026-02-18T04:22:11.510Z] [App] [AI] Using Ollama model: 'gemma2:2b' at http://127.0.0.1:11434
[2026-02-18T04:22:13.486Z] [App] POST /api/draft 200 in 7.4s (compile: 2ms, proxy.ts: 9ms, render: 7.4s)
[2026-02-18T04:22:17.120Z] [App] [AI] Meeting Brief Raw: {
    "context": "The CPP team is holding an offsite meeting to discuss takeaways from recent discussions.  Nisha Ganwani is out of office on Monday, February 23rd, and we need to confirm the time for the meeting with Panaskar.",
    "questions": ["What are the key takeaways from the Steel thread discussion? ", "How will the CPP team ensure Nisha's absence doesn't impact the meeting agenda?", "Should we send out a follow-up email to Sankalp regarding his request?"] 
}
[2026-02-18T04:22:17.121Z] [App] [AI] Searching RAG for meeting: "PRISM CPP Internal Sync"
[2026-02-18T04:22:17.149Z] [App] [AI] Using Ollama model: 'gemma2:2b' at http://127.0.0.1:11434
[2026-02-18T04:22:20.611Z] [App] [AI] Meeting Brief Raw: {
    "context": "The meeting is to review the AMS Rearchitecture Plan, scheduled for February 18th at 3 PM.  Emails indicate that a plan has been proposed and stakeholders are preparing for the review.",
    "questions": ["What specific aspects of the AMS Rearchitecture Plan will be reviewed?", "Is there an agreed-upon timeline or milestones for implementation? ", "Are there any outstanding questions or concerns regarding the plan?"] 
}
[2026-02-18T04:22:20.611Z] [App] [AI] Searching RAG for meeting: "1:1 Sankalp - Bahadir (Weekly)"
[2026-02-18T04:22:20.649Z] [App] [AI] Using Ollama model: 'gemma2:2b' at http://127.0.0.1:11434
[2026-02-18T04:22:24.066Z] [App] [AI] Meeting Brief Raw: {
    "context": "This meeting is to sync up on the Steel thread for PRISM CPP.  Last time, Ganesh Panaskar requested a meeting to discuss the status of the project and its next steps.",
    "questions": ["What are the key updates regarding the Steel thread progress? ", "Has there been any change in the timeline or scope of the project?", "Are we ready to move forward with the next phase of the PRISM CPP?"] 
}
[2026-02-18T04:22:24.066Z] [App] [AI] Searching RAG for meeting: "Custom classifiers weekly goal sync up"
[2026-02-18T04:22:24.103Z] [App] [AI] Using Ollama model: 'gemma2:2b' at http://127.0.0.1:11434
[2026-02-18T04:22:27.771Z] [App] [AI] Meeting Brief Raw: {
    "context": "Sankalp, there's a meeting scheduled with Bahadir to discuss progress on the S-Team goal.  Last week, we had discussions about additional listing requirements post-ASIN launch and updates on Artemis EE roadmap. ",
    "questions": ["What are the latest updates on reducing the percentage of additional listing requirements detected post-ASIN launch?","Has there been any progress on the Artemis EE roadmap discussion?", "Are there any specific challenges or roadblocks we need to address in this meeting?"] 
}
[2026-02-18T04:22:27.772Z] [App] [AI] Searching RAG for meeting: "AMS Oncall handoff"
[2026-02-18T04:22:27.801Z] [App] [AI] Using Ollama model: 'gemma2:2b' at http://127.0.0.1:11434
[2026-02-18T04:22:31.548Z] [App] [AI] Meeting Brief Raw: {
    "context": "The meeting was cancelled due to a prioritization of scoping discussions.  However, there's an urgent need to sync up on custom classifier weekly goals and discuss the progress towards S-Team goal reduction in additional listing requirements post-ASIN launch.",
    "questions": ["What is the current status of the scoping discussion? What are the key takeaways?", "What specific challenges or roadblocks are we facing regarding the S-Team goal reduction? ", "How can we ensure timely and efficient progress on custom classifier goals?"] 
}
[2026-02-18T04:22:31.549Z] [App] [AI] Searching RAG for meeting: "Weekly Sync - Drift Detection"
[2026-02-18T04:22:31.582Z] [App] [AI] Using Ollama model: 'gemma2:2b' at http://127.0.0.1:11434
[2026-02-18T04:22:34.982Z] [App] [AI] Meeting Brief Raw: {
    "context": "The meeting is focused on the AMS Oncall handoff.  There's a pending request for Sankalp to address this, and last-minute changes in schedule are possible. ",
    "questions": ["What is the current status of the AMS Oncall handoff process?","Is there any update on Sankalp's availability for the meeting?", "Who should be responsible for addressing the potential delays or rescheduling?"] 
}
[2026-02-18T04:22:34.983Z] [App] [AI] Searching RAG for meeting: "ASCS MBR: CSO"
[2026-02-18T04:22:35.019Z] [App] [AI] Using Ollama model: 'gemma2:2b' at http://127.0.0.1:11434
[2026-02-18T04:22:38.210Z] [App] [AI] Meeting Brief Raw: {
    "context": "The meeting is to discuss drift detection for Artemis EE.  There was a scheduling conflict with the Artemis EE roadmap discussion, so this meeting will likely cover the topic of steel thread and drift detection.",
    "questions": ["What are the key metrics for drift detection in Steel thread? ", "Has there been any progress on addressing the identified drifts?", "Should we prioritize addressing the most critical drifts first?"] 
}
[2026-02-18T04:22:38.210Z] [App] [AI] Searching RAG for meeting: "Artemis TP Coverage Roadmap Closure Workshop"
[2026-02-18T04:22:38.240Z] [App] [AI] Using Ollama model: 'gemma2:2b' at http://127.0.0.1:11434
[2026-02-18T04:22:41.617Z] [App] [AI] Meeting Brief Raw: {
    "context": "The meeting is scheduled for ASCS MBR: CSO, focusing on Steel thread.  There's a discussion regarding the Artemis EE roadmap during this time.  Please review the emails and prepare questions about the status of the Steel thread project.",
    "questions": ["What are the key takeaways from the Steel thread discussions? ", "Has there been any progress on the Artemis EE roadmap?", "Is there an agreed-upon timeline for the Steel thread project?"] 
}
[2026-02-18T04:22:41.617Z] [App] [AI] Searching RAG for meeting: "Placeholder Invite - RISC Snowball workshop - BLR - Day 3 (19th Feb)"
[2026-02-18T04:22:41.657Z] [App] [AI] Using Ollama model: 'gemma2:2b' at http://127.0.0.1:11434
[2026-02-18T04:22:45.300Z] [App] [AI] Meeting Brief Raw: {
    "context": "The Artemis TP Coverage Roadmap is currently in a state of flux, with Nisha Ganwani's OOO notice and the need for a roadmap closure workshop.  We need to understand the current status of the roadmap and identify any potential roadblocks before the workshop.",
    "questions": ["What is the current status of the Artemis TP coverage roadmap? ", "Has there been any progress on the Steel thread synchronization?", "Who should be involved in the final decision-making process for the roadmap closure?" ] 
}
[2026-02-18T04:22:45.301Z] [App] [AI] Searching RAG for meeting: "EE - Sync up on Steel thread "
[2026-02-18T04:22:45.344Z] [App] [AI] Using Ollama model: 'gemma2:2b' at http://127.0.0.1:11434
[2026-02-18T04:22:48.720Z] [App] [AI] Meeting Brief Raw: {
    "context": "This is a pre-meeting brief for the RISC Snowball workshop in BLR. The event is scheduled for February 19th, and attendees are expected to be prepared for a productive discussion.",
    "questions": ["What are the key objectives of this workshop? ", "Are there any specific challenges or concerns that need to be addressed during the meeting?", "Has the agenda been finalized? "]
}
[2026-02-18T04:22:48.720Z] [App] [AI] Searching RAG for meeting: "Placeholder Invite - RISC Snowball workshop - BLR - Day 2 (18th Feb)"
[2026-02-18T04:22:48.764Z] [App] [AI] Using Ollama model: 'gemma2:2b' at http://127.0.0.1:11434
[2026-02-18T04:22:52.173Z] [App] [AI] Meeting Brief Raw: {
    "context": "This meeting is to discuss the status of the Steel thread project.  It appears there's a potential conflict with another meeting scheduled for the same time, and we need to ensure everyone is aligned on the next steps.",
    "questions": ["What are the key deliverables expected from this meeting? ", "Are we still aiming for the original timeline for the Steel thread project?", "Should we send out an updated agenda or invite list to all attendees?"] 
}
[2026-02-18T04:22:52.173Z] [App] [AI] Searching RAG for meeting: "AMS Rearchitecture Plan review"
[2026-02-18T04:22:52.203Z] [App] [AI] Using Ollama model: 'gemma2:2b' at http://127.0.0.1:11434
[2026-02-18T04:22:55.710Z] [App] [AI] Meeting Brief Raw: {
    "context": "This meeting is for the RISC Snowball workshop in BLR, taking place on February 18th.  The email history indicates this is a follow-up to previous invitations and discussions regarding the workshop.",
    "questions": ["What are the key objectives of this workshop? ", "Has there been any progress on the agenda or topics to be discussed?", "Are there any specific challenges or concerns that need to be addressed during the meeting?"] 
}
[2026-02-18T04:22:55.710Z] [App] [AI] Searching RAG for meeting: "[Reading] eCF Q4 2025 QBR: ASCS"
[2026-02-18T04:22:55.754Z] [App] [AI] Using Ollama model: 'gemma2:2b' at http://127.0.0.1:11434
[2026-02-18T04:22:59.674Z] [App] [AI] Meeting Brief Raw: {
    "context": "The meeting is to review the AMS Rearchitecture Plan.  Jibin Liu sent out an email inviting everyone to a meeting on February 18th at 3 PM to discuss the plan.",
    "questions": ["What are the key takeaways from the proposed changes in the Rearchitecture Plan? ", "Has there been any progress on addressing the concerns raised about the CPP Knowledge base demo? ", "Are we ready to move forward with the Artemis Self-Healing UX proposal based on the feedback received?"] 
}
[2026-02-18T04:22:59.675Z] [App] [AI] Searching RAG for meeting: "1:1 Sankalp - Bahadir (Weekly)"
[2026-02-18T04:22:59.718Z] [App] [AI] Using Ollama model: 'gemma2:2b' at http://127.0.0.1:11434
[2026-02-18T04:23:04.526Z] [App] [AI] Meeting Brief Raw: {
    "context": "The meeting is about reviewing the eCF Q4 2025 QBR: ASCS.  Nisha is out of office from February 23rd, and there's a follow-up email regarding Steel thread from Ganesh. There seems to be progress on the S-Team goal reduction in additional listing requirements post-ASIN launch.",
    "questions": ["What are the key takeaways from the Q4 2025 eCF QBR: ASCS? ", "What is the current status of the Steel thread sync up and what action items need to be addressed?",  "Has there been any update on the S-Team goal reduction in additional listing requirements post-ASIN launch?"]
}
[2026-02-18T04:23:04.527Z] [App] [AI] Searching RAG for meeting: "[Discussion] eCF Q4 2025 QBR: ASCS"
[2026-02-18T04:23:04.573Z] [App] [AI] Using Ollama model: 'gemma2:2b' at http://127.0.0.1:11434
[2026-02-18T04:23:08.996Z] [App] [AI] Meeting Brief Raw: {
    "context": "Sankalp, there's a scheduled meeting with Bahadir today at 11:35 AM to discuss progress on the S-Team goal.  The email history suggests discussions around additional listing requirements post ASIN launch and potential next steps are likely to be discussed.",
    "questions": ["What is the current status of the S-Team goal regarding reducing additional listing requirements post-ASIN launch? ", "Has there been any progress on addressing the issue of additional listing requirements post-ASIN launch?", "Are there any specific concerns or challenges related to this topic that need to be addressed during the meeting?"]
}
[2026-02-18T04:23:08.996Z] [App] [AI] Searching RAG for meeting: "AMS Oncall handoff"
[2026-02-18T04:23:09.027Z] [App] [AI] Using Ollama model: 'gemma2:2b' at http://127.0.0.1:11434
[2026-02-18T04:23:09.931Z] [App] [AI] Generating draft for: "CreateCrawler service deprecation for Andes Registry dataset creation [DSO's with existing automation]" with RAG context.
[2026-02-18T04:23:09.931Z] [App] [AI] Using Ollama model: 'gemma2:2b' at http://127.0.0.1:11434
[2026-02-18T04:23:13.896Z] [App] [AI] Meeting Brief Raw: {
    "context": "The meeting is to discuss the eCF Q4 2025 QBR: ASCS.  Last week, Nisha was out of office and Ganesh Panaskar requested a sync-up on Steel thread. Ganga Muthyala provided an update on S-Team goal progress regarding additional listing requirements post-ASIN launch.",
    "questions": ["What is the current status of the eCF Q4 2025 QBR: ASCS goals? What are the key takeaways from the last meeting?", "Has there been any significant progress on reducing the percentage of additional listing requirements detected post-ASIN launch? ", "Who will be responsible for reporting on the S-Team goal progress?"]
}
[2026-02-18T04:23:13.896Z] [App] [AI] Searching RAG for meeting: "linld@ OOTO 2/19 - 3/19"
[2026-02-18T04:23:13.940Z] [App] [AI] Using Ollama model: 'gemma2:2b' at http://127.0.0.1:11434
[2026-02-18T04:23:18.924Z] [App] [AI] Meeting Brief Raw: {
    "context": "The meeting is to discuss the AMS Oncall handoff.  There seems to be a recent cancellation of several meetings and events, including the CPP RISC leadership sync and the CPP-GCO-CSP Bi-weekly connect. We need to understand what happened with these cancellations and their potential impact on the upcoming meeting.",
    "questions": ["What is the reason for the cancellations of the CPP RISC leadership sync and the CPP-GCO-CSP Bi-weekly connect?  Are there any implications for the AMS Oncall handoff? ", "Has Sankalp reached out to anyone regarding the cancellation of the meetings? What was the outcome?", "Is there a plan in place to reschedule these cancelled events?"]
}
[2026-02-18T04:23:18.924Z] [App] [AI] Searching RAG for meeting: "ASCS MBR: CSO"
[2026-02-18T04:23:18.957Z] [App] [AI] Using Ollama model: 'gemma2:2b' at http://127.0.0.1:11434
[2026-02-18T04:23:20.067Z] [App] POST /api/draft 200 in 10.2s (compile: 1319µs, proxy.ts: 6ms, render: 10.2s)
[2026-02-18T04:23:24.483Z] [App] [AI] Meeting Brief Raw: {
    "context": "This meeting, 'linld@ OOTO 2/19 - 3/19', is likely related to the upcoming Catalog Pipeline Monthly Gameday on February 18th.  There's a potential need for updates and coordination regarding the Steel thread project.",
    "questions": [
        "What are the key objectives of this meeting?",
        "Has there been any progress on the Steel thread project? If so, what are the next steps?",
        "Is there an update on the status of the bi-weekly connect with the CSP Team and CPP SDMs?" 
    ]
}
[2026-02-18T04:23:28.185Z] [App] [AI] Meeting Brief Raw: {
    "context": "The meeting is scheduled for February 17th, 2026 at 9:05 AM to discuss the Steel thread.  There appears to be a scheduling conflict with Nisha being out of office on Monday. We need to confirm if this time works or reschedule.",
    "questions": ["Is there an updated schedule for the meeting?","What is the status of the Artemis EE roadmap discussion?","Has Sankalp received the request for his time and what is the next step?"] 
}
[2026-02-18T04:23:28.185Z] [App] [AI] Searching RAG for meeting: "Placeholder Invite - RISC Snowball workshop - BLR - Day 3 (19th Feb)"
[2026-02-18T04:23:28.204Z] [App] [AI] Using Ollama model: 'gemma2:2b' at http://127.0.0.1:11434
[2026-02-18T04:23:31.932Z] [App] [AI] Meeting Brief Raw: {
    "context": "This meeting is for the RISC Snowball workshop in BLR, happening on February 19th.  The email chain shows attendees are being invited and there's a general expectation of progress on this initiative.",
    "questions": ["What are the key objectives of the RISC Snowball workshop? ", "Has any decision been made regarding the workshop agenda?", "Are there any specific action items that need to be addressed before the meeting?"] 
}
[2026-02-18T04:23:31.932Z] [App] [AI] Searching RAG for meeting: "Placeholder Invite - RISC Snowball workshop - BLR - Day 2 (18th Feb)"
[2026-02-18T04:23:31.947Z] [App] [AI] Using Ollama model: 'gemma2:2b' at http://127.0.0.1:11434
[2026-02-18T04:23:35.511Z] [App] [AI] Meeting Brief Raw: {
    "context": "This meeting is for the RISC Snowball workshop in BLR, taking place on February 18th. The email chain shows invitations and updates regarding the event. We need to confirm attendees and ensure everyone is prepared.",
    "questions": ["What are the key objectives of this workshop? ", "Has a detailed agenda been finalized for the workshop? ", "Are there any specific challenges or concerns that need to be addressed during the meeting?"] 
}
[2026-02-18T04:23:35.512Z] [App] [AI] Searching RAG for meeting: "[Reading] eCF Q4 2025 QBR: ASCS"
[2026-02-18T04:23:35.533Z] [App] [AI] Using Ollama model: 'gemma2:2b' at http://127.0.0.1:11434
[2026-02-18T04:23:40.073Z] [App] [AI] Meeting Brief Raw: {
    "context": "The meeting is to discuss the eCF Q4 2025 QBR for ASCS.  Nisha Ganwani is out of office on February 23rd, and Ganesh Panaskar has been working on a Steel thread sync-up. Ganga Muthyala provides an update on S-Team goal progress.",
    "questions": ["What are the key takeaways from the S-Team goal update? ", "Has there been any progress on the Steel thread sync-up?", "What is the current status of the eCF Q4 2025 QBR for ASCS?"]
}
[2026-02-18T04:23:40.074Z] [App] [AI] Searching RAG for meeting: "[Discussion] eCF Q4 2025 QBR: ASCS"
[2026-02-18T04:23:40.094Z] [App] [AI] Using Ollama model: 'gemma2:2b' at http://127.0.0.1:11434
[2026-02-18T04:23:43.815Z] [App] [AI] Meeting Brief Raw: {
    "context": "The meeting is to discuss eCF Q4 2025 QBR: ASCS.  Nisha Ganwani is out of office from February 23rd, and there seems to be ongoing discussion about the S-Team goal regarding additional listing requirements post-ASIN launch.",
    "questions": [ "What are the key updates on the progress towards reducing the percentage of additional listing requirements detected post-ASIN launch?", "Has there been any recent communication from Ganwani regarding her absence?"  ] 
}
[2026-02-18T04:23:43.815Z] [App] [AI] Searching RAG for meeting: "linld@ OOTO 2/19 - 3/19"
[2026-02-18T04:23:43.829Z] [App] [AI] Using Ollama model: 'gemma2:2b' at http://127.0.0.1:11434
[2026-02-18T04:23:47.564Z] [App] [AI] Meeting Brief Raw: {
    "context": "This meeting is to discuss the upcoming 'linld@ OOTO' project timeline.  There are some updates regarding the Steel thread and a potential change in the monthly gameday schedule for the Catalog Pipeline.",
    "questions": ["What are the specific updates on the Steel thread, and what is the desired outcome of this meeting?", "Are there any changes to the planned date or time for the Catalog Pipeline Monthly Gameday? If so, what are the implications?"  ] 
}
[2026-02-18T04:23:47.567Z] [App] GET /api/calendar 200 in 106s (compile: 2ms, proxy.ts: 3ms, render: 106s)
[2026-02-18T04:23:47.609Z] [App] [AI] Using Ollama model: 'gemma2:2b' at http://127.0.0.1:11434
[2026-02-18T04:23:47.631Z] [App] [API/Analyze] source=outlook, useMock=false, session=true
[2026-02-18T04:23:47.631Z] [App] [API/Analyze] Fetching real data for outlook...
[2026-02-18T04:23:47.632Z] [App] Google Calendar fetching is disabled. Using Local Outlook (ID 432) only.
[2026-02-18T04:23:47.841Z] [App] ✓ Compiled in 37ms
[2026-02-18T04:23:49.311Z] [App] [AI] Using Ollama model: 'gemma2:2b' at http://127.0.0.1:11434
[2026-02-18T04:23:55.177Z] [App] GET /api/slack 200 in 7.6s (compile: 26ms, proxy.ts: 8ms, render: 7.6s)
[2026-02-18T04:23:57.935Z] [App] [AI] Briefing Raw: Good morning! Today's focus is on the UFC team's brainstorming session for a new name and potential impact on our 2p team.  Rishi Bhasin has initiated discussions about the new name for the Feature Catalog, Khoj, backfill classification, DNE, Pandora, and SOPtimize teams. We also need to address the demo session for the CPP Knowledge base and prepare for a presentation in ASCS forum. Additionally, Ganesh Bharadwaj's message regarding the deprecation of CreateCrawler service for Andes Registry dataset creation requires attention.  Let's prioritize addressing these urgent items first.

**Top Priorities:**

- **Start:** Schedule a meeting with Rishi Bhasin to discuss the new name and potential impact on our 2p team.
- **Decide:** Determine the best approach for presenting the CPP Knowledge base demo session in ASCS forum.
- **Follow up:**  Contact Ganesh Bharadwaj to understand the scope of the CreateCrawler service deprecation and its implications for Andes Registry dataset creation. 


Let me know if you need any further assistance!
[2026-02-18T04:23:57.942Z] [App] GET /api/analyze?source=outlook 200 in 10.4s (compile: 44ms, proxy.ts: 5ms, render: 10.3s)
[2026-02-18T04:23:57.963Z] [App] [AI] Using Ollama model: 'gemma2:2b' at http://127.0.0.1:11434
[2026-02-18T04:24:05.573Z] [App] GET /api/slack 200 in 7.6s (compile: 1816µs, proxy.ts: 5ms, render: 7.6s)
[2026-02-18T04:24:05.591Z] [App] [API/Analyze] source=outlook, useMock=false, session=true
[2026-02-18T04:24:05.591Z] [App] [API/Analyze] Fetching real data for outlook...
[2026-02-18T04:24:05.592Z] [App] Google Calendar fetching is disabled. Using Local Outlook (ID 432) only.
[2026-02-18T04:24:07.038Z] [App] [AI] Using Ollama model: 'gemma2:2b' at http://127.0.0.1:11434
[2026-02-18T04:24:09.958Z] [App] [AI] Briefing Raw: Good morning! Today's focus is on the UFC team's new name brainstorming and Rishi Bhasin's ongoing efforts regarding the CPP Knowledge base demo session.  We also need to address Ganesh Bharadwaj's request for a service deprecation plan for Andes Registry dataset creation, as well as Shiva Sivasubramanian's questions about the CR review assistant tool.  Let's prioritize these items and ensure we stay on track with our deadlines. 

**Top Priorities:**

- **Start:**  Collaborate with Rishi Bhasin to finalize a name for the UFC team's new 2P team.
- **Decide:**  Schedule a meeting with Ganesh Bharadwaj to discuss the service deprecation plan for Andes Registry dataset creation and identify potential solutions.
- **Follow up:**  Respond to Shiva Sivasubramanian's questions about the CR review assistant tool and provide additional clarity on its benefits compared to AutoSDE. 

Let me know if you need any assistance with these tasks or have other items that require attention. I am here to help!
[2026-02-18T04:24:09.963Z] [App] GET /api/analyze?source=outlook 200 in 4.4s (compile: 1664µs, proxy.ts: 5ms, render: 4.4s)
[2026-02-18T04:24:19.185Z] [App] GET / 200 in 137ms (compile: 58ms, proxy.ts: 6ms, render: 72ms)
[2026-02-18T04:24:19.375Z] [App] [API] Fetching Outlook emails (via JXA Service)...
[2026-02-18T04:24:19.388Z] [App] GET /api/auth/session 200 in 26ms (compile: 13ms, proxy.ts: 8ms, render: 5ms)
[2026-02-18T04:24:19.403Z] [App] GET /api/auth/session 200 in 10ms (compile: 3ms, proxy.ts: 3ms, render: 4ms)
[2026-02-18T04:24:20.561Z] [App] GET /api/outlook-local 200 in 1200ms (compile: 3ms, proxy.ts: 8ms, render: 1188ms)
[2026-02-18T04:24:20.575Z] [App] [API/Calendar] useMock=false, source=outlook (enforced)
[2026-02-18T04:24:20.576Z] [App] [API/Calendar] Fetching Outlook local events (ID 432)...
[2026-02-18T04:24:20.576Z] [App] Returning cached Outlook calendar data
[2026-02-18T04:24:20.576Z] [App] [API/Calendar] Found 16 real events
[2026-02-18T04:24:20.576Z] [App] [AI] Searching RAG for meeting: "Artemis Self-Healing: Fallback Phase UX Proposal"
[2026-02-18T04:24:20.591Z] [App] GET /api/agent-status 200 in 9ms (compile: 1721µs, proxy.ts: 4ms, render: 4ms)
[2026-02-18T04:24:20.598Z] [App] GET /api/agent-status 200 in 7ms (compile: 1061µs, proxy.ts: 3ms, render: 2ms)
[2026-02-18T04:24:20.643Z] [App] [AI] Using Ollama model: 'gemma2:2b' at http://127.0.0.1:11434
[2026-02-18T04:24:24.365Z] [App] [AI] Meeting Brief Raw: {
    "context": "The meeting is to discuss the Artemis Self-Healing: Fallback Phase UX Proposal.  There was a previous discussion about the Steel thread and its implications for the Artemis EE roadmap, with attendees confirming their availability for the meeting.",
    "questions": ["What are the specific goals of the UX proposal in terms of fallback phase functionality? ", "Has there been any progress on addressing the additional listing requirements post-ASIN launch?", "What is the estimated timeline for implementing this proposal?"] 
}
[2026-02-18T04:24:24.366Z] [App] [AI] Searching RAG for meeting: "CPP LT Offsite Takeaways"
[2026-02-18T04:24:24.381Z] [App] [AI] Using Ollama model: 'gemma2:2b' at http://127.0.0.1:11434
[2026-02-18T04:24:24.954Z] [App] [AI] Generating draft for: "[FLASH] UFC team (week 6 and 7)" with RAG context.
[2026-02-18T04:24:24.954Z] [App] [AI] Using Ollama model: 'gemma2:2b' at http://127.0.0.1:11434
[2026-02-18T04:24:28.270Z] [App] [AI] Meeting Brief Raw: {
    "context": "The meeting is to discuss takeaways from the CPP offsite.  Sankalp has requested a time for a discussion, and Nisha is out of office on Monday. We need to confirm the next steps regarding the Steel thread sync-up.",
    "questions": ["What is the current status of the Steel thread sync-up? ", "Has Sankalp provided any specific details about his request for a meeting?", "Is there a clear timeline for Nisha's return and how will this impact the meeting."] 
}
[2026-02-18T04:24:28.270Z] [App] [AI] Searching RAG for meeting: "PRISM CPP Internal Sync"
[2026-02-18T04:24:28.303Z] [App] [AI] Using Ollama model: 'gemma2:2b' at http://127.0.0.1:11434
[2026-02-18T04:24:30.312Z] [App] POST /api/draft 200 in 5.4s (compile: 3ms, proxy.ts: 5ms, render: 5.4s)
[2026-02-18T04:24:34.140Z] [App] [AI] Meeting Brief Raw: {
    "context": "The PRISM CPP Internal Sync meeting is scheduled for February 17th at 2:00 PM. The email history suggests that the team needs to finalize the Steel thread sync and discuss the upcoming demo session on CPP Knowledge base.",
    "questions": ["What's the current status of the Steel thread sync? What are the key points we need to cover?", "Has anyone confirmed their availability for the meeting? ", "Should we send out a reminder email with agenda items or action items before the meeting?"] 
}
[2026-02-18T04:24:34.141Z] [App] [AI] Searching RAG for meeting: "Custom classifiers weekly goal sync up"
[2026-02-18T04:24:34.158Z] [App] [AI] Using Ollama model: 'gemma2:2b' at http://127.0.0.1:11434
[2026-02-18T04:24:37.086Z] [App] [AI] Generating draft for: "[FLASH] UFC team (week 6 and 7)" with RAG context.
[2026-02-18T04:24:37.086Z] [App] [AI] Using Ollama model: 'gemma2:2b' at http://127.0.0.1:11434
[2026-02-18T04:24:38.224Z] [App] [AI] Meeting Brief Raw: {
    "context": "The meeting has been canceled to prioritize a scoping discussion.  There is an update regarding S-Team goal and additional listing requirements, as well as discussions about new team names for the UFC (Feature Catalog, Khoj, backfill classification, DNE, Pandora, SOPtimize). ",
    "questions": ["What are the key findings from the S-Team goal update?","What is the status of the scoping discussion and when will it take place?", "Are there any updates on the new team names for the UFC?"] 
}
[2026-02-18T04:24:38.225Z] [App] [AI] Searching RAG for meeting: "Weekly Sync - Drift Detection"
[2026-02-18T04:24:38.256Z] [App] [AI] Using Ollama model: 'gemma2:2b' at http://127.0.0.1:11434
[2026-02-18T04:24:39.313Z] [App] POST /api/draft 200 in 2.3s (compile: 1591µs, proxy.ts: 8ms, render: 2.3s)
[2026-02-18T04:24:42.572Z] [App] [AI] Meeting Brief Raw: {
    "context": "The meeting is to discuss drift detection in Steel thread.  There was a previous discussion about scheduling, and it appears there may be some conflicting schedules.",
    "questions": ["What is the current status of the Steel thread drift detection project? ", "Has the Artemis EE roadmap discussion been completed, and if so, what are the key takeaways?", "Are there any specific concerns regarding the timing or scope of the meeting?"] 
}
[2026-02-18T04:24:42.573Z] [App] [AI] Searching RAG for meeting: "Artemis TP Coverage Roadmap Closure Workshop"
[2026-02-18T04:24:42.589Z] [App] [AI] Using Ollama model: 'gemma2:2b' at http://127.0.0.1:11434
[2026-02-18T04:24:43.831Z] [App] [AI] Generating draft for: "[FLASH] UFC team (week 6 and 7)" with RAG context.
[2026-02-18T04:24:43.831Z] [App] [AI] Using Ollama model: 'gemma2:2b' at http://127.0.0.1:11434
[2026-02-18T04:24:46.273Z] [App] [AI] Meeting Brief Raw: {
    "context": "The Artemis TP Coverage Roadmap is currently in a state of flux, with Nisha Ganwani's OOO notice and no clear indication of the meeting's purpose.  We need to understand the current status of the roadmap and determine next steps.",
    "questions": ["What is the current status of the Artemis TP Coverage Roadmap? ", "Has there been any progress on the roadmap since the last update?", "Who should be involved in this discussion, and what are their roles?"] 
}
[2026-02-18T04:24:46.274Z] [App] [AI] Searching RAG for meeting: "EE - Sync up on Steel thread "
[2026-02-18T04:24:46.317Z] [App] [AI] Using Ollama model: 'gemma2:2b' at http://127.0.0.1:11434
[2026-02-18T04:24:48.509Z] [App] POST /api/draft 200 in 4.7s (compile: 1974µs, proxy.ts: 8ms, render: 4.7s)
[2026-02-18T04:24:52.083Z] [App] [AI] Meeting Brief Raw: {
    "context": "This meeting is to discuss the status of the Steel thread initiative.  There appears to be a conflict with another scheduled meeting during this time, and it's unclear if all attendees will be present.",
    "questions": ["What are the key takeaways from the Artemis EE roadmap discussion? ", "Has there been any progress on reducing additional listing requirements post-ASIN launch?", "Is there an agreed-upon action plan for addressing the conflict with the other meeting?"] 
}
[2026-02-18T04:24:52.084Z] [App] [AI] Searching RAG for meeting: "AMS Rearchitecture Plan review"
[2026-02-18T04:24:52.098Z] [App] [AI] Using Ollama model: 'gemma2:2b' at http://127.0.0.1:11434
[2026-02-18T04:24:54.715Z] [App] [AI] Generating draft for: "[FLASH] UFC team (week 6 and 7)" with RAG context.
[2026-02-18T04:24:54.715Z] [App] [AI] Using Ollama model: 'gemma2:2b' at http://127.0.0.1:11434
[2026-02-18T04:24:55.963Z] [App] [AI] Meeting Brief Raw: {
    "context": "The meeting is to review the AMS Rearchitecture Plan.  Jibin Liu has initiated a meeting request and attendees are listed. We need to ensure everyone is aligned on the plan's progress, address any outstanding questions, and prepare for next steps.",
    "questions": ["What are the key changes proposed in the Rearchitecture Plan? ", "Has there been any feedback or challenges regarding the implementation of the plan?", "Are we ready to move forward with the implementation based on the current status?"] 
}
[2026-02-18T04:24:55.964Z] [App] [AI] Searching RAG for meeting: "1:1 Sankalp - Bahadir (Weekly)"
[2026-02-18T04:24:56.004Z] [App] [AI] Using Ollama model: 'gemma2:2b' at http://127.0.0.1:11434
[2026-02-18T04:24:57.053Z] [App] POST /api/draft 200 in 2.4s (compile: 3ms, proxy.ts: 8ms, render: 2.4s)
[2026-02-18T04:25:01.888Z] [App] [AI] Meeting Brief Raw: {
    "context": "Sankalp, there's an upcoming meeting with Bahadir to discuss progress on various projects.  The meeting is scheduled for February 17th at 11:35 AM and focuses on the S-Team goal of reducing additional listing requirements post-ASIN launch.  Please review the emails for context.",
    "questions": [
        "What are the key updates from the Artemis EE roadmap discussion meeting?",
        "Has there been any progress on the S-Team goal regarding additional listing requirements post-ASIN launch?",
        "Are there any specific challenges or roadblocks to address during this meeting?" 
    ]
}
[2026-02-18T04:25:01.888Z] [App] [AI] Searching RAG for meeting: "AMS Oncall handoff"
[2026-02-18T04:25:01.905Z] [App] [AI] Using Ollama model: 'gemma2:2b' at http://127.0.0.1:11434
[2026-02-18T04:25:05.564Z] [App] [AI] Generating draft for: "[FLASH] UFC team (week 6 and 7)" with RAG context.
[2026-02-18T04:25:05.565Z] [App] [AI] Using Ollama model: 'gemma2:2b' at http://127.0.0.1:11434
[2026-02-18T04:25:06.959Z] [App] [AI] Meeting Brief Raw: {
    "context": "The meeting is scheduled for AMS Oncall handoff.  There's a potential urgency regarding Sankalp's request and the cancellation of previous meetings. We need to understand the status of the oncall handoff and any outstanding tasks.",
    "questions": ["What is the current status of the AMS oncall handoff? Is there an agreed-upon timeline for completion?", "Has Sankalp provided a clear explanation for his request, and what are the next steps in addressing it?", "Is there a plan to address the cancellation of previous meetings (e.g., CPP RISC leadership sync, CPP-GCO-CSP Bi-weekly connect)?"]
}
[2026-02-18T04:25:06.959Z] [App] [AI] Searching RAG for meeting: "ASCS MBR: CSO"
[2026-02-18T04:25:06.991Z] [App] [AI] Using Ollama model: 'gemma2:2b' at http://127.0.0.1:11434
[2026-02-18T04:25:12.096Z] [App] POST /api/draft 200 in 6.6s (compile: 3ms, proxy.ts: 8ms, render: 6.6s)
[2026-02-18T04:25:16.314Z] [App] [AI] Meeting Brief Raw: {
    "context": "The meeting is scheduled for 'ASCs MBR: CSO' on February 17th, 2026 at 9:05 AM.  A discussion regarding the Artemis EE roadmap will likely be a key topic given the mention of an upcoming meeting and the email from Abhijit Shanbhag.",
    "questions": ["What is the current status of the Artemis EE roadmap discussion?","What are the specific goals for this meeting with respect to the steel thread?", "Has there been any progress on the Steel thread, and if so, what are the next steps?"] 
}
[2026-02-18T04:25:16.315Z] [App] [AI] Searching RAG for meeting: "Placeholder Invite - RISC Snowball workshop - BLR - Day 3 (19th Feb)"
[2026-02-18T04:25:16.332Z] [App] [AI] Using Ollama model: 'gemma2:2b' at http://127.0.0.1:11434
[2026-02-18T04:25:20.019Z] [App] [AI] Meeting Brief Raw: {
    "context": "This meeting is for the RISC Snowball workshop in BLR, Day 3 (February 19th).  The email chain shows a series of invitations and follow-up communication regarding this event. We need to confirm attendance and discuss any potential action items.",
    "questions": ["What are the key objectives of this workshop? ", "Are there any pre-meeting tasks or preparations required? ", "Has the agenda been finalized for the workshop?"] 
}
[2026-02-18T04:25:20.019Z] [App] [AI] Searching RAG for meeting: "Placeholder Invite - RISC Snowball workshop - BLR - Day 2 (18th Feb)"
[2026-02-18T04:25:20.034Z] [App] [AI] Using Ollama model: 'gemma2:2b' at http://127.0.0.1:11434
[2026-02-18T04:25:23.193Z] [App] [AI] Meeting Brief Raw: {
    "context": "This meeting is for the RISC Snowball workshop in BLR, Day 2 (February 18th).  The workshop will be a follow-up to previous meetings and emails regarding this event. The attendees are listed above.",
    "questions": ["What are the key objectives of the workshop?", "Are there any specific deliverables or outcomes expected from the workshop?"]
}
[2026-02-18T04:25:23.193Z] [App] [AI] Searching RAG for meeting: "[Reading] eCF Q4 2025 QBR: ASCS"
[2026-02-18T04:25:23.208Z] [App] [AI] Using Ollama model: 'gemma2:2b' at http://127.0.0.1:11434
[2026-02-18T04:25:25.720Z] [App] [AI] Generating draft for: "[FLASH] UFC team (week 6 and 7)" with RAG context.
[2026-02-18T04:25:25.720Z] [App] [AI] Using Ollama model: 'gemma2:2b' at http://127.0.0.1:11434
[2026-02-18T04:25:27.357Z] [App] [AI] Meeting Brief Raw: {
    "context": "This meeting is to discuss the eCF Q4 2025 QBR: ASCS.  There seems to be progress on the S-Team goal, but we need to clarify the status of additional listing requirements post-ASIN launch.",
    "questions": ["What are the key updates regarding the S-Team goal's progress? ", "Has there been any update on the percentage of additional listing requirements detected post-ASIN launch?", "When is the next milestone for the eCF Q4 2025 QBR: ASCS?"]
}
[2026-02-18T04:25:27.357Z] [App] [AI] Searching RAG for meeting: "[Discussion] eCF Q4 2025 QBR: ASCS"
[2026-02-18T04:25:27.394Z] [App] [AI] Using Ollama model: 'gemma2:2b' at http://127.0.0.1:11434
[2026-02-18T04:25:28.666Z] [App] POST /api/draft 200 in 3.0s (compile: 2ms, proxy.ts: 8ms, render: 3.0s)
[2026-02-18T04:25:33.261Z] [App] [AI] Meeting Brief Raw: {
    "context": "The meeting is to discuss the eCF Q4 2025 QBR: ASCS.  Nisha is out of office on Monday, February 23rd and there's a need to sync up with Ganesh regarding the Steel thread.  Ganga has provided an update on S-Team goal progress.",
    "questions": ["What are the key takeaways from the S-Team goal update? What specific actions should be taken based on this information?", "Is there any new information regarding the Steel thread project that needs to be addressed in the meeting?", "Has the team made progress on reducing additional listing requirements post-ASIN launch?"]
}
[2026-02-18T04:25:33.262Z] [App] [AI] Searching RAG for meeting: "linld@ OOTO 2/19 - 3/19"
[2026-02-18T04:25:33.283Z] [App] [AI] Using Ollama model: 'gemma2:2b' at http://127.0.0.1:11434
[2026-02-18T04:25:34.341Z] [App] [AI] Generating draft for: "[FLASH] UFC team (week 6 and 7)" with RAG context.
[2026-02-18T04:25:34.342Z] [App] [AI] Using Ollama model: 'gemma2:2b' at http://127.0.0.1:11434
[2026-02-18T04:25:37.570Z] [App] [AI] Meeting Brief Raw: {
    "context": "The meeting 'linld@ OOTO 2/19 - 3/19' is scheduled to discuss the status of the Steel thread project.  There seems to be a need for coordination on scheduling and updates, as indicated by emails from Ganesh and Madhu.",
    "questions": ["What is the current status of the Steel thread project? What are the key milestones we should focus on in this meeting?", "Has there been any progress on the January Catalog Pipeline monthly game day?  Are there any challenges or concerns to be addressed?"] 
}
[2026-02-18T04:25:37.579Z] [App] GET /api/calendar 200 in 77s (compile: 2ms, proxy.ts: 4ms, render: 77s)
[2026-02-18T04:25:37.593Z] [App] [AI] Using Ollama model: 'gemma2:2b' at http://127.0.0.1:11434
[2026-02-18T04:25:37.602Z] [App] [API/Analyze] source=outlook, useMock=false, session=true
[2026-02-18T04:25:37.602Z] [App] [API/Analyze] Fetching real data for outlook...
[2026-02-18T04:25:37.604Z] [App] Google Calendar fetching is disabled. Using Local Outlook (ID 432) only.
[2026-02-18T04:25:38.862Z] [App] [AI] Using Ollama model: 'gemma2:2b' at http://127.0.0.1:11434
[2026-02-18T04:25:39.715Z] [App] POST /api/draft 200 in 5.4s (compile: 1872µs, proxy.ts: 10ms, render: 5.4s)
[2026-02-18T04:25:47.579Z] [App] [AI] Generating draft for: "[FLASH] UFC team (week 6 and 7)" with RAG context.
[2026-02-18T04:25:47.579Z] [App] [AI] Using Ollama model: 'gemma2:2b' at http://127.0.0.1:11434
[2026-02-18T04:25:48.742Z] [App] GET /api/slack 200 in 11.2s (compile: 3ms, proxy.ts: 6ms, render: 11.2s)
[2026-02-18T04:25:51.834Z] [App] [AI] Briefing Raw: Good morning!  Today's focus is on the UFC team's brainstorming session for a new name and potential impact on our 2P team. Rishi Bhasin has initiated discussions about a new name for the Feature Catalog, Khoj, backfill classification, DNE, Pandora, and SOPtimize teams. We also need to prepare for demo sessions regarding the CPP Knowledge base and address questions from Shiva and Sankalp.  Additionally, Ganesh Bharadwaj is requesting action on deprecating the CreateCrawler service for Andes Registry dataset creation. Let's prioritize these items and ensure we stay on track with our deadlines.

**Top Priorities:**

- **Start:** Schedule a meeting with Rishi Bhasin to discuss the new name for the 2P team and brainstorm potential options.
- **Decide:**  Determine the best approach for demoing the CPP Knowledge base, considering Shiva's questions and Sankalp's input.
- **Follow up:**  Reach out to Ganesh Bharadwaj regarding the CreateCrawler service deprecation and gather his insights on the impact of this decision. 


Let me know if you need any help with these tasks or have other priorities to address!
[2026-02-18T04:25:51.840Z] [App] GET /api/analyze?source=outlook 200 in 14.3s (compile: 7ms, proxy.ts: 6ms, render: 14.2s)
[2026-02-18T04:25:51.866Z] [App] [AI] Using Ollama model: 'gemma2:2b' at http://127.0.0.1:11434
[2026-02-18T04:25:52.913Z] [App] POST /api/draft 200 in 5.4s (compile: 1898µs, proxy.ts: 11ms, render: 5.4s)
[2026-02-18T04:25:59.876Z] [App] [AI] Generating draft for: "[FLASH] UFC team (week 6 and 7)" with RAG context.
[2026-02-18T04:25:59.876Z] [App] [AI] Using Ollama model: 'gemma2:2b' at http://127.0.0.1:11434
[2026-02-18T04:26:00.801Z] [App] GET /api/slack 200 in 8.9s (compile: 3ms, proxy.ts: 7ms, render: 8.9s)
[2026-02-18T04:26:00.815Z] [App] [API/Analyze] source=outlook, useMock=false, session=true
[2026-02-18T04:26:00.815Z] [App] [API/Analyze] Fetching real data for outlook...
[2026-02-18T04:26:00.816Z] [App] Google Calendar fetching is disabled. Using Local Outlook (ID 432) only.
[2026-02-18T04:26:02.010Z] [App] POST /api/draft 200 in 2.2s (compile: 1859µs, proxy.ts: 4ms, render: 2.2s)
[2026-02-18T04:26:02.406Z] [App] [AI] Using Ollama model: 'gemma2:2b' at http://127.0.0.1:11434
[2026-02-18T04:26:05.548Z] [App] [AI] Briefing Raw: Good morning! Today's focus is on the UFC team's brainstorming session regarding a new name for their 2P team and Rishi Bhasin's follow-up on the CPP Knowledge base demo.  We also need to address Ganesh Bharadwaj's request about deprecating the CreateCrawler service for Andes Registry dataset creation, especially in light of BDT's External Tables (Hive in Glue) GA launch. Finally, Shiva Sivasubramanian is proposing a demo session for the CR review assistant tool and needs clarification on its unique advantages over AutoSDE. 

**Top Priorities:**

- **Start:**  Schedule a meeting with Rishi Bhasin to discuss the new name for the UFC team's 2P team.
- **Decide:** Determine the best approach for addressing Ganesh Bharadwaj's request regarding CreateCrawler service deprecation, considering existing automation and BDT's External Tables (Hive in Glue) GA launch.  
- **Follow up:**  Reach out to Shiva Sivasubramanian to clarify the CR review assistant tool's unique advantages over AutoSDE and schedule a demo session for ASCS forum. 


Let me know if you need help with any of these tasks!
[2026-02-18T04:26:05.554Z] [App] GET /api/analyze?source=outlook 200 in 4.7s (compile: 1624µs, proxy.ts: 4ms, render: 4.7s)
[2026-02-18T04:26:55.609Z] [App] GET /api/auth/session 200 in 19ms (compile: 5ms, proxy.ts: 8ms, render: 5ms)
[2026-02-18T04:26:55.623Z] [App] GET /api/auth/session 200 in 10ms (compile: 1716µs, proxy.ts: 4ms, render: 4ms)
[2026-02-18T04:30:00.011Z] [Agent] [2026-02-18T04:30:00.011Z] Starting Background Sync...
[2026-02-18T04:30:00.011Z] [Agent] Last Sync: 2026-02-18T04:11:28.795Z
[2026-02-18T04:30:03.020Z] [App] GET / 200 in 36ms (compile: 4ms, proxy.ts: 7ms, render: 25ms)
[2026-02-18T04:30:03.214Z] [App] [API] Fetching Outlook emails (via JXA Service)...
[2026-02-18T04:30:03.225Z] [App] GET /api/auth/session 200 in 24ms (compile: 11ms, proxy.ts: 7ms, render: 6ms)
[2026-02-18T04:30:03.242Z] [App] GET /api/auth/session 200 in 12ms (compile: 2ms, proxy.ts: 4ms, render: 6ms)
[2026-02-18T04:30:18.221Z] [App Error] First Outlook fetch attempt failed, retrying... Command failed: osascript -l JavaScript "/Users/sankalpv/Documents/sankalpv/Gemini/AntiGravity/smartai/scripts/fetch_outlook_ui_optimized.js" 20
[2026-02-18T04:30:19.989Z] [App] GET /api/outlook-local 200 in 16.8s (compile: 5ms, proxy.ts: 7ms, render: 16.8s)
[2026-02-18T04:30:20.001Z] [App] [API/Calendar] useMock=false, source=outlook (enforced)
[2026-02-18T04:30:20.002Z] [App] [API/Calendar] Fetching Outlook local events (ID 432)...
[2026-02-18T04:30:20.020Z] [App] GET /api/agent-status 200 in 12ms (compile: 2ms, proxy.ts: 5ms, render: 5ms)
[2026-02-18T04:30:20.028Z] [App] GET /api/agent-status 200 in 6ms (compile: 1343µs, proxy.ts: 3ms, render: 1661µs)
[2026-02-18T04:30:24.119Z] [App] [AI] Generating draft for: "[FLASH] UFC team (week 6 and 7)" with RAG context.
[2026-02-18T04:30:24.120Z] [App] [AI] Using Ollama model: 'gemma2:2b' at http://127.0.0.1:11434
[2026-02-18T04:30:25.450Z] [App] POST /api/draft 200 in 1414ms (compile: 3ms, proxy.ts: 10ms, render: 1401ms)
[2026-02-18T04:30:31.145Z] [App] Outlook Calendar Raw Output: 70543|||Artemis Self-Healing: Fallback Phase UX Proposal|||2026-02-19T10:30:00|||2026-02-19T11:00:00||||||
70495|||CPP LT Offsite Takeaways|||2026-02-17T15:05:00|||2026-02-17T15:30:00|||CONF US SEA Rufus 03.100 Restricted AV/VC (14) - CONF US SJC10 05.563 Artemis AV/VC (12) - Zoom; https://amazon.zoom.us/j/96494421299?pwd=t3fhqKaxZyMaEQcge5rZcgbfv6cJ3V.1&from=addon|||
70534|||PRISM CPP Internal Sync|||2026-02-17T14:00:00|||2026-02-17T14:30:00||||||
70509|||Custom classifiers weekly goal sync up|||2026-02-17T14:00:00|||2026-02-17T14:30:00|||CONF US SEA Rufus 03.107 AV/VC (10)|||
70548|||Weekly Sync - Drift Detection|||2026-02-18T12:30:00|||2026-02-18T13:00:00|||https://amazon.zoom.us/j/91529403104?pwd=FhIY4hNSaAumlDwtGuqKuWS0395s8y.1&from=addon|||
70533|||Artemis TP Coverage Roadmap Closure Workshop|||2026-02-17T12:00:00|||2026-02-17T14:00:00|||https://amazon.zoom.us/j/97262419416?pwd=QRs5AaGmS2aNmDa8DfUV31ymufJuYQ.1|||
70547|||EE - Sync up on Steel thread |||2026-02-17T12:30:00|||2026-02-17T13:00:00|||CONF US SEA Rufus 03.104 AV/VC (10)|||
70545|||AMS Rearchitecture Plan review|||2026-02-18T15:00:00|||2026-02-18T16:00:00|||https://amazon.zoom.us/j/92185163838?pwd=KauB8y7uxS2iCbEbMFwNS7hDvi1HbQ.1|||
70511|||1:1 Sankalp - Bahadir (Weekly)|||2026-02-17T11:35:00|||2026-02-17T12:00:00|||Bahadir's Office or Zoom; https://amazon.zoom.us/j/94294567398?pwd=RCb7nEqOosjyjAsWmGWtr3TQKWk1qn.1&from=addon|||
70546|||AMS Oncall handoff|||2026-02-17T10:30:00|||2026-02-17T11:00:00|||CONF US SJC10 05.571 Galileo Vendor Access AV/VC (24); https://amazon.zoom.us/j/95138110558?pwd=gvIPRdA5RsnB2rTGVkS4MjBLuwjFDN.1&from=addon|||
70480|||ASCS MBR: CSO|||2026-02-17T09:05:00|||2026-02-17T10:00:00|||Rufus 03.102 -- Zoom|||
70541|||Placeholder Invite - RISC Snowball workshop - BLR - Day 3 (19th Feb)|||2026-02-18T21:30:00|||2026-02-19T03:00:00|||https://amazon.zoom.us/j/99849738227?pwd=JIm4K3BsbqJxbNxcZYbSWN6aVk7bFC.1&from=addon; ,BLR 22 05.413, BLR 22 05.414|||
70540|||Placeholder Invite - RISC Snowball workshop - BLR - Day 2 (18th Feb)|||2026-02-17T21:30:00|||2026-02-18T05:00:00|||https://amazon.zoom.us/j/92083676896?pwd=a1nxPU8RMlsTxxKceAKUMuR5GgKl1b.1&from=addon; ,BLR 22 05.413, BLR 22 05.414|||
70523|||[Reading] eCF Q4 2025 QBR: ASCS|||2026-02-19T08:00:00|||2026-02-19T08:30:00|||Nessie 06.400 + Zoom|||
70524|||[Discussion] eCF Q4 2025 QBR: ASCS|||2026-02-19T08:30:00|||2026-02-19T09:30:00|||Nessie 06.400 + Zoom; https://amazon.zoom.us/j/91315747970?pwd=Yo24Kmf2a2NiScVv32LbI3X08gitwO.1&from=addon|||
70467|||linld@ OOTO 2/19 - 3/19|||2026-02-18T16:00:00|||2026-03-19T17:00:00||||||
[2026-02-18T04:30:31.146Z] [App] [API/Calendar] Found 16 real events
[2026-02-18T04:30:31.147Z] [App] [AI] Searching RAG for meeting: "Artemis Self-Healing: Fallback Phase UX Proposal"
[2026-02-18T04:30:31.192Z] [App] [AI] Using Ollama model: 'gemma2:2b' at http://127.0.0.1:11434
[2026-02-18T04:30:31.440Z] [Agent] [2026-02-18T04:30:31.440Z] Fetched 50 raw items. Found 0 NEW emails.
[2026-02-18T04:30:31.440Z] [Agent] [2026-02-18T04:30:31.440Z] No new emails.
[2026-02-18T04:30:34.610Z] [App] [AI] Meeting Brief Raw: {
    "context": "The meeting is to discuss the Artemis Self-Healing: Fallback Phase UX proposal.  A recent discussion regarding the Steel thread roadmap and its impact on Artemis EE has led to this meeting.",
    "questions": ["What are the key takeaways from the Steel thread roadmap discussions?", "What specific UX challenges are we addressing in the Fallback phase? ", "Has there been any progress on reducing additional listing requirements post-ASIN launch?"] 
}
[2026-02-18T04:30:34.611Z] [App] [AI] Searching RAG for meeting: "CPP LT Offsite Takeaways"
[2026-02-18T04:30:34.625Z] [App] [AI] Using Ollama model: 'gemma2:2b' at http://127.0.0.1:11434
[2026-02-18T04:30:38.738Z] [App] [AI] Meeting Brief Raw: {
    "context": "The meeting 'CPP LT Offsite Takeaways' is scheduled for February 17th, 2026 at 3:05 PM.  Emails indicate a need to discuss the Steel thread and potential updates on the CPP knowledge base demo session.",
    "questions": [
        "What are the key takeaways from the last offsite meeting regarding the Steel thread?",
        "Has there been any progress on the CPP knowledge base demo session? ", 
        "Is Nisha Ganwani available to attend this meeting?" 
    ]
}
[2026-02-18T04:30:38.739Z] [App] [AI] Searching RAG for meeting: "PRISM CPP Internal Sync"
[2026-02-18T04:30:38.753Z] [App] [AI] Using Ollama model: 'gemma2:2b' at http://127.0.0.1:11434
[2026-02-18T04:30:42.726Z] [App] [AI] Meeting Brief Raw: {
    "context": "This meeting is to sync up on the Steel thread progress for PRISM CPP.  Last communication was from Ganesh regarding scheduling a time for the meeting, and Nisha has indicated she will be out of office on Monday.",
    "questions": ["When did the last update happen on the Steel thread? What are the key points we need to cover in the meeting?", "Is there an agreed-upon timeline or action items from the previous discussions about the Steel thread? ", "Has Sankalp provided any updates regarding his request for a time?"] 
}
[2026-02-18T04:30:42.727Z] [App] [AI] Searching RAG for meeting: "Custom classifiers weekly goal sync up"
[2026-02-18T04:30:42.743Z] [App] [AI] Using Ollama model: 'gemma2:2b' at http://127.0.0.1:11434
[2026-02-18T04:30:46.471Z] [App] [AI] Meeting Brief Raw: {
    "context": "The meeting was canceled to prioritize a scoping discussion.  There is an update regarding S-Team goal and additional listing requirements, but the team needs to sync up on their weekly goals for custom classifiers.",
    "questions": ["What are the specific challenges with achieving the S-Team goal? ", "Has there been any progress on identifying potential solutions to reduce additional listing requirements post-ASIN launch?", "What is the current status of the scoping discussion and what are the key takeaways?"] 
}
[2026-02-18T04:30:46.472Z] [App] [AI] Searching RAG for meeting: "Weekly Sync - Drift Detection"
[2026-02-18T04:30:46.489Z] [App] [AI] Using Ollama model: 'gemma2:2b' at http://127.0.0.1:11434
[2026-02-18T04:30:48.354Z] [App] [AI] Generating draft for: "[FLASH] UFC team (week 6 and 7)" with RAG context.
[2026-02-18T04:30:48.355Z] [App] [AI] Using Ollama model: 'gemma2:2b' at http://127.0.0.1:11434
[2026-02-18T04:30:49.458Z] [App] [AI] Meeting Brief Raw: {
    "context": "The meeting is to discuss drift detection for the Steel thread.  There was a previous discussion about scheduling, and it seems there's been some back-and-forth regarding the time.",
    "questions": ["What is the current status of the Steel thread drift detection project?", "Are we still on track to meet the deadline for this project?"] 
}
[2026-02-18T04:30:49.459Z] [App] [AI] Searching RAG for meeting: "Artemis TP Coverage Roadmap Closure Workshop"
[2026-02-18T04:30:49.491Z] [App] [AI] Using Ollama model: 'gemma2:2b' at http://127.0.0.1:11434
[2026-02-18T04:30:50.616Z] [App] POST /api/draft 200 in 2.3s (compile: 1470µs, proxy.ts: 8ms, render: 2.3s)
[2026-02-18T04:30:54.423Z] [App] [AI] Meeting Brief Raw: {
    "context": "The Artemis TP Coverage Roadmap is in need of closure.  Nisha Ganwani's email indicates she will be out of office on February 23rd, and there seems to be a pending discussion about the Steel thread synchronization. ",
    "questions": ["What is the current status of the Artemis TP Coverage Roadmap? What are the key deliverables that need to be finalized?", "Has there been any progress made on the Steel thread synchronization, and what are the next steps for addressing it?"  ] 
}
[2026-02-18T04:30:54.424Z] [App] [AI] Searching RAG for meeting: "EE - Sync up on Steel thread "
[2026-02-18T04:30:54.441Z] [App] [AI] Using Ollama model: 'gemma2:2b' at http://127.0.0.1:11434
[2026-02-18T04:30:55.816Z] [App] [AI] Generating draft for: "[FLASH] UFC team (week 6 and 7)" with RAG context.
[2026-02-18T04:30:55.816Z] [App] [AI] Using Ollama model: 'gemma2:2b' at http://127.0.0.1:11434
[2026-02-18T04:30:57.823Z] [App] [AI] Meeting Brief Raw: {
    "context": "This meeting is to discuss the status of the Steel thread project.  The previous meeting was canceled due to scheduling conflicts, and there seems to be a conflict with another meeting during this time.",
    "questions": ["What's the current status of the Steel thread roadmap? What are the key milestones we need to address?", "Are there any updates on the Artemis EE roadmap discussion meeting scheduled for this time?"] 
}
[2026-02-18T04:30:57.823Z] [App] [AI] Searching RAG for meeting: "AMS Rearchitecture Plan review"
[2026-02-18T04:30:57.853Z] [App] [AI] Using Ollama model: 'gemma2:2b' at http://127.0.0.1:11434
[2026-02-18T04:31:01.834Z] [App] POST /api/draft 200 in 6.1s (compile: 2ms, proxy.ts: 8ms, render: 6.1s)
[2026-02-18T04:31:05.175Z] [App] [AI] Meeting Brief Raw: {
    "context": "The meeting is to review the AMS Rearchitecture Plan, scheduled for February 18th at 3 PM.  Emails indicate discussions about the plan's progress and potential next steps.",
    "questions": ["What are the key takeaways from the proposed Rearchitecture Plan?","What specific challenges or concerns have been raised regarding the implementation of the plan?", "Has a timeline for completing the review process been established?"] 
}
[2026-02-18T04:31:05.176Z] [App] [AI] Searching RAG for meeting: "1:1 Sankalp - Bahadir (Weekly)"
[2026-02-18T04:31:05.191Z] [App] [AI] Using Ollama model: 'gemma2:2b' at http://127.0.0.1:11434
[2026-02-18T04:31:09.725Z] [App] [AI] Meeting Brief Raw: {
    "context": "Sankalp, there's a scheduled 1:1 meeting with Bahadir this week.  The email history suggests that the focus is on progress towards reducing additional listing requirements post-ASIN launch as part of the S-Team goal.  We need to ensure we are aligned and prepared for the meeting.",
    "questions": ["What is the current status of the S-Team goal reduction in terms of percentage? ", "Has there been any recent discussion or update on the Artemis EE roadmap regarding this goal?", "Are there any specific challenges or roadblocks that need to be addressed during the meeting?"] 
}
[2026-02-18T04:31:09.725Z] [App] [AI] Searching RAG for meeting: "AMS Oncall handoff"
[2026-02-18T04:31:09.738Z] [App] [AI] Using Ollama model: 'gemma2:2b' at http://127.0.0.1:11434
[2026-02-18T04:31:13.129Z] [App] [AI] Meeting Brief Raw: {
    "context": "The meeting is focused on the AMS Oncall handoff.  There are several recent cancellations of meetings and events, including a watch party registration deadline. We need to confirm the status of the upcoming Oncall handoff.",
    "questions": ["What is the current status of the AMS Oncall handoff? ", "Has Sankalp's request been addressed?", "Are there any updates on the Watch Party program?"] 
}
[2026-02-18T04:31:13.130Z] [App] [AI] Searching RAG for meeting: "ASCS MBR: CSO"
[2026-02-18T04:31:13.142Z] [App] [AI] Using Ollama model: 'gemma2:2b' at http://127.0.0.1:11434
[2026-02-18T04:31:16.797Z] [App] [AI] Meeting Brief Raw: {
    "context": "The meeting is scheduled for 'ASCs MBR: CSO' on February 17th, 2026 at 9:05 AM.  There seems to be a discussion about the Steel thread and an Artemis EE roadmap discussion happening during this time. ",
    "questions": ["What are the key takeaways from the Steel thread discussion?","What is the status of the Artemis EE roadmap?", "What action items should we prioritize for the meeting?"] 
}
[2026-02-18T04:31:16.798Z] [App] [AI] Searching RAG for meeting: "Placeholder Invite - RISC Snowball workshop - BLR - Day 3 (19th Feb)"
[2026-02-18T04:31:16.815Z] [App] [AI] Using Ollama model: 'gemma2:2b' at http://127.0.0.1:11434
[2026-02-18T04:31:20.263Z] [App] [AI] Meeting Brief Raw: {
    "context": "This meeting is for the RISC Snowball workshop in BLR, taking place on February 19th.  The emails show this is a follow-up to previous invitations and meetings regarding the event.",
    "questions": ["What are the key objectives of the workshop? ", "Has there been any feedback or progress on the agenda for the workshop?", "What are the expected outcomes from this meeting?"] 
}
[2026-02-18T04:31:20.264Z] [App] [AI] Searching RAG for meeting: "Placeholder Invite - RISC Snowball workshop - BLR - Day 2 (18th Feb)"
[2026-02-18T04:31:20.278Z] [App] [AI] Using Ollama model: 'gemma2:2b' at http://127.0.0.1:11434
[2026-02-18T04:31:23.943Z] [App] [AI] Meeting Brief Raw: {
    "context": "This meeting is for the RISC Snowball workshop in BLR, scheduled for February 18th.  The emails show a series of invitations and updates regarding this event. We need to ensure we are aligned on the agenda and key discussion points.",
    "questions": ["What are the main objectives of the workshop?", "Who will be presenting at the workshop?", "Are there any specific topics or challenges that should be addressed in the meeting?"] 
}
[2026-02-18T04:31:23.943Z] [App] [AI] Searching RAG for meeting: "[Reading] eCF Q4 2025 QBR: ASCS"
[2026-02-18T04:31:23.959Z] [App] [AI] Using Ollama model: 'gemma2:2b' at http://127.0.0.1:11434
[2026-02-18T04:31:28.065Z] [App] [AI] Meeting Brief Raw: {
    "context": "The meeting is to discuss the eCF Q4 2025 QBR: ASCS.  Nisha Ganwani is out of office on Monday, February 23rd and there are updates regarding S-Team goals from Ganga Muthyala.",
    "questions": ["What is the current status of the eCF Q4 2025 QBR: ASCS? What specific information needs to be discussed at this meeting?", "Has there been any progress on the S-Team goal reduction in additional listing requirements post-ASIN launch?"] 
}
[2026-02-18T04:31:28.065Z] [App] [AI] Searching RAG for meeting: "[Discussion] eCF Q4 2025 QBR: ASCS"
[2026-02-18T04:31:28.083Z] [App] [AI] Using Ollama model: 'gemma2:2b' at http://127.0.0.1:11434
[2026-02-18T04:31:32.775Z] [App] [AI] Meeting Brief Raw: {
    "context": "The meeting is to discuss the eCF Q4 2025 QBR for ASCS.  Nisha Ganwani is out of office from February 23rd, and there are updates on S-Team goals regarding additional listing requirements post-ASIN launch. We need to ensure we're aligned on key priorities and action items.",
    "questions": ["What progress has been made on reducing the percentage of additional listing requirements detected post-ASIN launch? ", "Has there been a decision on Nisha Ganwani's OOO time frame?", "What are the next steps for addressing the S-Team goal regarding additional listing requirements? "] 
}
[2026-02-18T04:31:32.775Z] [App] [AI] Searching RAG for meeting: "linld@ OOTO 2/19 - 3/19"
[2026-02-18T04:31:32.790Z] [App] [AI] Using Ollama model: 'gemma2:2b' at http://127.0.0.1:11434
[2026-02-18T04:31:36.506Z] [App] [AI] Meeting Brief Raw: {
    "context": "This meeting is about the 'linld@ OOTO 2/19 - 3/19' regarding the Steel thread.  There seems to be a need for coordination on the project, with discussions and updates needed.",
    "questions": ["What are the specific goals of this meeting? ", "Who will be responsible for providing updates on the progress of the 'Steel thread' project?", "Are there any potential roadblocks or challenges that should be discussed in detail?"] 
}
[2026-02-18T04:31:36.513Z] [App] GET /api/calendar 200 in 77s (compile: 2ms, proxy.ts: 5ms, render: 77s)
[2026-02-18T04:31:36.525Z] [App] [AI] Using Ollama model: 'gemma2:2b' at http://127.0.0.1:11434
[2026-02-18T04:31:36.534Z] [App] [API/Analyze] source=outlook, useMock=false, session=true
[2026-02-18T04:31:36.534Z] [App] [API/Analyze] Fetching real data for outlook...
[2026-02-18T04:31:36.535Z] [App] Google Calendar fetching is disabled. Using Local Outlook (ID 432) only.
[2026-02-18T04:31:38.176Z] [App] [AI] Using Ollama model: 'gemma2:2b' at http://127.0.0.1:11434
[2026-02-18T04:31:45.441Z] [App] GET /api/slack 200 in 8.9s (compile: 3ms, proxy.ts: 5ms, render: 8.9s)
[2026-02-18T04:31:48.252Z] [App] [AI] Briefing Raw: Good morning!  Today's focus is on the UFC team's brainstorming session for a new name and the upcoming demo sessions for the CPP Knowledge base. Rishi Bhasin has initiated discussions about potential names for the 2P team, while Ganesh Bharadwaj raises concerns regarding the deprecation of CreateCrawler service for Andes Registry dataset creation.  We also need to address Shiva's questions on the CR review assistant tool and ensure we have a clear plan for ASCS forum presentation. Let's tackle these high-impact items head-on!

**Top Priorities:**

- **Start:** Schedule a meeting with Rishi Bhasin to discuss the UFC team name brainstorming session and gather feedback on potential names.
- **Decide:**  Choose a representative from the team to present at ASCS forum based on Shiva's suggestion. 
- **Follow up:**  Respond to Ganesh Bharadwaj regarding the CreateCrawler service deprecation for Andes Registry dataset creation, ensuring we understand the impact and potential solutions. 


Let me know if you need help with any of these tasks or have other items you'd like to prioritize!
[2026-02-18T04:31:48.255Z] [App] GET /api/analyze?source=outlook 200 in 11.7s (compile: 6ms, proxy.ts: 5ms, render: 11.7s)
[2026-02-18T04:31:48.284Z] [App] [AI] Using Ollama model: 'gemma2:2b' at http://127.0.0.1:11434
[2026-02-18T04:31:55.870Z] [App] GET /api/slack 200 in 7.6s (compile: 1360µs, proxy.ts: 7ms, render: 7.6s)
[2026-02-18T04:31:55.890Z] [App] [API/Analyze] source=outlook, useMock=false, session=true
[2026-02-18T04:31:55.890Z] [App] [API/Analyze] Fetching real data for outlook...
[2026-02-18T04:31:55.891Z] [App] Google Calendar fetching is disabled. Using Local Outlook (ID 432) only.
[2026-02-18T04:31:57.395Z] [App] [AI] Using Ollama model: 'gemma2:2b' at http://127.0.0.1:11434
[2026-02-18T04:32:00.133Z] [App] [AI] Briefing Raw: Good morning! Today's focus is on the UFC team's brainstorming session regarding a new name for their 2P team and Rishi Bhasin's follow-up on the CPP Knowledge base demo.  We also need to address Ganesh's request about creating a service deprecation plan for Andes Registry dataset creation, as well as Shiva's suggestion to present in ASCS forum regarding the CPP Knowledge base demo.  Let's prioritize action and ensure we stay ahead of deadlines.

**Top Priorities:**

- **Start:** Schedule a meeting with Rishi Bhasin to discuss the new name for the UFC team and gather his insights on the brainstorming session.
- **Decide:** Determine the best approach for presenting the CPP Knowledge base demo in ASCS forum, considering Shiva's suggestion and potential audience feedback. 
- **Follow up:**  Reach out to Ganesh about the service deprecation plan for Andes Registry dataset creation and discuss next steps with him. 


Let me know if you have any questions or need further assistance!
[2026-02-18T04:32:00.134Z] [App] GET /api/analyze?source=outlook 200 in 4.3s (compile: 1767µs, proxy.ts: 6ms, render: 4.3s)
[2026-02-18T04:32:14.789Z] [App] ✓ Compiled in 6ms
[2026-02-18T04:32:51.811Z] [App] GET / 200 in 144ms (compile: 60ms, proxy.ts: 6ms, render: 77ms)
[2026-02-18T04:32:52.006Z] [App] [API] Fetching Outlook emails (via JXA Service)...
[2026-02-18T04:32:52.015Z] [App] GET /api/auth/session 200 in 23ms (compile: 8ms, proxy.ts: 10ms, render: 5ms)
[2026-02-18T04:32:52.031Z] [App] GET /api/auth/session 200 in 11ms (compile: 2ms, proxy.ts: 4ms, render: 5ms)
[2026-02-18T04:32:53.191Z] [App] GET /api/outlook-local 200 in 1200ms (compile: 3ms, proxy.ts: 10ms, render: 1187ms)
[2026-02-18T04:32:53.205Z] [App] [API/Calendar] useMock=false, source=outlook (enforced)
[2026-02-18T04:32:53.206Z] [App] [API/Calendar] Fetching Outlook local events (ID 432)...
[2026-02-18T04:32:53.206Z] [App] Returning cached Outlook calendar data
[2026-02-18T04:32:53.206Z] [App] [API/Calendar] Found 16 real events
[2026-02-18T04:32:53.206Z] [App] [AI] Searching RAG for meeting: "Artemis Self-Healing: Fallback Phase UX Proposal"
[2026-02-18T04:32:53.223Z] [App] GET /api/agent-status 200 in 9ms (compile: 2ms, proxy.ts: 4ms, render: 3ms)
[2026-02-18T04:32:53.230Z] [App] GET /api/agent-status 200 in 6ms (compile: 1017µs, proxy.ts: 3ms, render: 1687µs)
[2026-02-18T04:32:53.245Z] [App] [AI] Using Ollama model: 'gemma2:2b' at http://127.0.0.1:11434
[2026-02-18T04:32:57.359Z] [App] [AI] Generating draft for: "[FLASH] UFC team (week 6 and 7)" with RAG context.
[2026-02-18T04:32:57.360Z] [App] [AI] Using Ollama model: 'gemma2:2b' at http://127.0.0.1:11434
[2026-02-18T04:32:57.612Z] [App] [AI] Meeting Brief Raw: {
    "context": "The meeting is about the Artemis Self-Healing: Fallback Phase UX proposal.  There's a scheduled meeting to discuss this on February 19th, 2026 at 10:30 AM. The meeting follows an EE roadmap discussion that took place last week.",
    "questions": ["What is the current status of the Artemis Self-Healing project? What are the key challenges and opportunities for the fallback phase UX design?", "Has there been any progress on addressing the additional listing requirements post-ASIN launch, as per S-Team goal update? "] 
}
[2026-02-18T04:32:57.613Z] [App] [AI] Searching RAG for meeting: "CPP LT Offsite Takeaways"
[2026-02-18T04:32:57.643Z] [App] [AI] Using Ollama model: 'gemma2:2b' at http://127.0.0.1:11434
[2026-02-18T04:32:58.937Z] [App] POST /api/draft 200 in 1615ms (compile: 2ms, proxy.ts: 6ms, render: 1606ms)
[2026-02-18T04:33:02.249Z] [App] [AI] Meeting Brief Raw: {
    "context": "The CPP LT Offsite is scheduled for February 17th, 2026.  Emails suggest a discussion about the Steel thread and potential updates to the CPP Knowledge base are likely topics of conversation.",
    "questions": ["What is the current status of the Steel thread sync up? What are the key takeaways from the last meeting?", "Who will be attending the offsite, and what are their roles in this discussion?"  ] 
}
[2026-02-18T04:33:02.249Z] [App] [AI] Searching RAG for meeting: "PRISM CPP Internal Sync"
[2026-02-18T04:33:02.262Z] [App] [AI] Using Ollama model: 'gemma2:2b' at http://127.0.0.1:11434
[2026-02-18T04:33:05.803Z] [App] [AI] Meeting Brief Raw: {
    "context": "The PRISM CPP Internal Sync meeting is scheduled for February 17th, 2026 at 2 PM.  A last-minute email from Sankalp requesting a time to connect suggests the meeting may be related to a technical update or discussion regarding Steel thread.",
    "questions": ["What are the specific updates on the Steel thread that need to be discussed in the meeting?", "Has there been any progress on the CPP knowledge base demo session? "] 
}
[2026-02-18T04:33:05.803Z] [App] [AI] Searching RAG for meeting: "Custom classifiers weekly goal sync up"
[2026-02-18T04:33:05.818Z] [App] [AI] Using Ollama model: 'gemma2:2b' at http://127.0.0.1:11434
[2026-02-18T04:33:09.650Z] [App] [AI] Meeting Brief Raw: {
    "context": "The meeting has been cancelled due to prioritization of a scoping discussion.  However, there are ongoing discussions regarding goal setting and progress on custom classifiers. This meeting is likely to focus on the weekly goals for custom classifiers.",
    "questions": ["What are the specific goals for this week's custom classifier work? ", "Has the scoping discussion provided any updates on potential changes to the overall project scope?", "What are the key metrics we should be tracking to measure progress towards our goals?"] 
}
[2026-02-18T04:33:09.650Z] [App] [AI] Searching RAG for meeting: "Weekly Sync - Drift Detection"
[2026-02-18T04:33:09.663Z] [App] [AI] Using Ollama model: 'gemma2:2b' at http://127.0.0.1:11434
[2026-02-18T04:33:10.964Z] [App] [AI] Generating draft for: "[FLASH] UFC team (week 6 and 7)" with RAG context.
[2026-02-18T04:33:10.965Z] [App] [AI] Using Ollama model: 'gemma2:2b' at http://127.0.0.1:11434
[2026-02-18T04:33:13.503Z] [App] [AI] Meeting Brief Raw: {
    "context": "The meeting is to discuss drift detection in Artemis EE.  There was a conflict with the existing schedule due to the Artemis EE roadmap discussion, and Ganesh Panaskar has confirmed his cancellation. ",
    "questions": ["What is the status of the Steel thread project? What are the key challenges and opportunities?", "Has there been any progress on addressing the drift in Artemis EE? If so, what are the next steps?",  "Is there a consensus on how to proceed with the drift detection strategy?"] 
}
[2026-02-18T04:33:13.503Z] [App] [AI] Searching RAG for meeting: "Artemis TP Coverage Roadmap Closure Workshop"
[2026-02-18T04:33:13.536Z] [App] [AI] Using Ollama model: 'gemma2:2b' at http://127.0.0.1:11434
[2026-02-18T04:33:15.644Z] [App] POST /api/draft 200 in 4.7s (compile: 1872µs, proxy.ts: 11ms, render: 4.7s)
[2026-02-18T04:33:19.475Z] [App] [AI] Meeting Brief Raw: {
    "context": "The Artemis TP Coverage Roadmap is in need of closure.  Nisha Ganwani's email indicates she will be out of office on February 23rd, and there seems to be an ongoing discussion about the Steel thread synchronization. We should prioritize understanding the current status of the roadmap and action items.",
    "questions": [ "What are the key milestones for the Artemis TP Coverage Roadmap? ", "Has a decision been made regarding the Steel thread synchronization?", "Who is responsible for finalizing the roadmap closure?"] 
}
[2026-02-18T04:33:19.475Z] [App] [AI] Searching RAG for meeting: "EE - Sync up on Steel thread "
[2026-02-18T04:33:19.490Z] [App] [AI] Using Ollama model: 'gemma2:2b' at http://127.0.0.1:11434
[2026-02-18T04:33:22.757Z] [App] [AI] Meeting Brief Raw: {
    "context": "This meeting is to discuss the status of the Steel thread initiative.  There seems to be a potential conflict with the Artemis EE roadmap discussion scheduled for the same time.",
    "questions": ["What is the current status of the Steel thread initiative?","Has there been any progress on the Artemis EE roadmap discussion?", "Is there a need to reschedule the meeting or adjust the agenda based on the conflicting events?"] 
}
[2026-02-18T04:33:22.757Z] [App] [AI] Searching RAG for meeting: "AMS Rearchitecture Plan review"
[2026-02-18T04:33:22.772Z] [App] [AI] Using Ollama model: 'gemma2:2b' at http://127.0.0.1:11434
[2026-02-18T04:33:25.099Z] [App] [AI] Generating draft for: "[FLASH] UFC team (week 6 and 7)" with RAG context.
[2026-02-18T04:33:25.099Z] [App] [AI] Using Ollama model: 'gemma2:2b' at http://127.0.0.1:11434
[2026-02-18T04:33:26.740Z] [App] [AI] Meeting Brief Raw: {
    "context": "The meeting is to review the AMS Rearchitecture Plan.  Jibin Liu initiated the plan review and a time for discussion was set on Quip.  Attendees are expected to be prepared with insights on the plan's progress, potential challenges, and next steps.",
    "questions": ["What are the key milestones outlined in the plan? ", "Are there any outstanding issues or concerns regarding the implementation of the plan?", "Has the team identified any potential risks or dependencies that need to be addressed?"] 
}
[2026-02-18T04:33:26.740Z] [App] [AI] Searching RAG for meeting: "1:1 Sankalp - Bahadir (Weekly)"
[2026-02-18T04:33:26.779Z] [App] [AI] Using Ollama model: 'gemma2:2b' at http://127.0.0.1:11434
[2026-02-18T04:33:28.655Z] [App] POST /api/draft 200 in 3.6s (compile: 4ms, proxy.ts: 13ms, render: 3.6s)
[2026-02-18T04:33:32.722Z] [App] [AI] Meeting Brief Raw: {
    "context": "Sankalp, there's a scheduled meeting with Bahadir for your weekly 1:1.  The email history suggests the focus is on progress towards reducing additional listing requirements post-ASIN launch and an upcoming Artemis EE roadmap discussion.",
    "questions": ["What are the key updates regarding the S-Team goal of decreasing additional listing requirements post-ASIN launch? ", "Has there been any progress on the Artemis EE roadmap discussion meeting?", "Are there any specific challenges or roadblocks that need to be addressed in the meeting?"] 
}
[2026-02-18T04:33:32.723Z] [App] [AI] Searching RAG for meeting: "AMS Oncall handoff"
[2026-02-18T04:33:32.738Z] [App] [AI] Using Ollama model: 'gemma2:2b' at http://127.0.0.1:11434
[2026-02-18T04:33:33.236Z] [App] [AI] Generating draft for: "[FLASH] UFC team (week 6 and 7)" with RAG context.
[2026-02-18T04:33:33.237Z] [App] [AI] Using Ollama model: 'gemma2:2b' at http://127.0.0.1:11434
[2026-02-18T04:33:35.999Z] [App] [AI] Meeting Brief Raw: {
    "context": "The meeting is to discuss AMS Oncall handoff.  There are no confirmed updates regarding Sankalp's request, and a watch party event is scheduled for the next day.",
    "questions": ["What is the status of Sankalp's request for time?","Who will be attending the watch party?","Has there been any update on the AMS Oncall handoff process?"] 
}
[2026-02-18T04:33:36.000Z] [App] [AI] Searching RAG for meeting: "ASCS MBR: CSO"
[2026-02-18T04:33:36.033Z] [App] [AI] Using Ollama model: 'gemma2:2b' at http://127.0.0.1:11434
[2026-02-18T04:33:37.215Z] [App] POST /api/draft 200 in 4.0s (compile: 1536µs, proxy.ts: 10ms, render: 4.0s)
[2026-02-18T04:33:40.969Z] [App] [AI] Meeting Brief Raw: {
    "context": "The meeting is scheduled for ASCS MBR: CSO on February 17th, 2026 at 9:05 AM.  There's an upcoming discussion regarding the Artemis EE roadmap and a potential update on the Steel thread synchronization effort.",
    "questions": ["What are the key takeaways from the Artemis EE roadmap discussion? ", "Has there been any progress on the Steel thread synchronization effort? ", "Are there any specific action items needed to be addressed before the meeting?"] 
}
[2026-02-18T04:33:40.970Z] [App] [AI] Searching RAG for meeting: "Placeholder Invite - RISC Snowball workshop - BLR - Day 3 (19th Feb)"
[2026-02-18T04:33:40.987Z] [App] [AI] Using Ollama model: 'gemma2:2b' at http://127.0.0.1:11434
[2026-02-18T04:33:45.281Z] [App] [AI] Meeting Brief Raw: {
    "context": "This is a pre-meeting brief for the RISC Snowball workshop in BLR, scheduled for February 19th.  The email history shows invitations and meeting summaries for the workshop's first two days. We need to confirm attendance and discuss potential action items from the workshop.",
    "questions": ["What are the key objectives of this workshop? ", "Are there any specific challenges or roadblocks that we should address in the meeting?", "Has a decision been made on the next steps for the project based on the workshop's findings?"] 
}
[2026-02-18T04:33:45.282Z] [App] [AI] Searching RAG for meeting: "Placeholder Invite - RISC Snowball workshop - BLR - Day 2 (18th Feb)"
[2026-02-18T04:33:45.300Z] [App] [AI] Using Ollama model: 'gemma2:2b' at http://127.0.0.1:11434
[2026-02-18T04:33:47.502Z] [App] [AI] Generating draft for: "Re: CPP Knowledge base: Demo session" with RAG context.
[2026-02-18T04:33:47.502Z] [App] [AI] Using Ollama model: 'gemma2:2b' at http://127.0.0.1:11434
[2026-02-18T04:33:48.606Z] [App] [AI] Meeting Brief Raw: {
    "context": "This meeting is for the RISC Snowball workshop in BLR, taking place on February 18th.  The email history shows that this is a follow-up to previous invitations and meetings related to the workshop.",
    "questions": ["What are the key objectives of the workshop? ", "Are there any specific deliverables expected from attendees?", "Has the agenda for the workshop been finalized?"]
}
[2026-02-18T04:33:48.607Z] [App] [AI] Searching RAG for meeting: "[Reading] eCF Q4 2025 QBR: ASCS"
[2026-02-18T04:33:48.652Z] [App] [AI] Using Ollama model: 'gemma2:2b' at http://127.0.0.1:11434
[2026-02-18T04:33:50.079Z] [App] POST /api/draft 200 in 2.6s (compile: 1464µs, proxy.ts: 9ms, render: 2.6s)
[2026-02-18T04:33:53.516Z] [App] [AI] Meeting Brief Raw: {
    "context": "The meeting is about reviewing the eCF Q4 2025 QBR: ASCS.  Nisha Ganwani is out of office on February 23rd, and there are updates regarding S-Team goal progress. ",
    "questions": ["What are the key findings from the S-Team goal update?","When did the last meeting regarding this topic take place?", "Has there been any progress made on the Steel thread sync up?"]
}
[2026-02-18T04:33:53.517Z] [App] [AI] Searching RAG for meeting: "[Discussion] eCF Q4 2025 QBR: ASCS"
[2026-02-18T04:33:53.535Z] [App] [AI] Using Ollama model: 'gemma2:2b' at http://127.0.0.1:11434
[2026-02-18T04:33:58.086Z] [App] [AI] Meeting Brief Raw: {
    "context": "The meeting is to discuss eCF Q4 2025 QBR: ASCS.  Nisha Ganwani is out of the office on Monday, February 23rd. There are updates on S-Team goal progress and a potential need for further discussion regarding Steel thread sync up.",
    "questions": ["What's the current status of the S-Team goal reduction in additional listing requirements post-ASIN launch? ", "Has there been any update from Ganesh Panaskar about the Steel thread sync-up?", "Are we on track to meet the Q4 2025 eCF targets?" ]
}
[2026-02-18T04:33:58.087Z] [App] [AI] Searching RAG for meeting: "linld@ OOTO 2/19 - 3/19"
[2026-02-18T04:33:58.103Z] [App] [AI] Using Ollama model: 'gemma2:2b' at http://127.0.0.1:11434
[2026-02-18T04:34:00.845Z] [App] [AI] Meeting Brief Raw: {
    "context": "This meeting is regarding the 'linld@ OOTO' project, likely related to a scheduled update or discussion of progress.  There seems to be some scheduling and coordination needed for the next phase.",
    "questions": ["What are the specific goals of this meeting?", "What is the desired outcome from this meeting? "] 
}
[2026-02-18T04:34:00.847Z] [App] GET /api/calendar 200 in 68s (compile: 2ms, proxy.ts: 3ms, render: 68s)
[2026-02-18T04:34:00.864Z] [App] [AI] Using Ollama model: 'gemma2:2b' at http://127.0.0.1:11434
[2026-02-18T04:34:00.873Z] [App] [API/Analyze] source=outlook, useMock=false, session=true
[2026-02-18T04:34:00.874Z] [App] [API/Analyze] Fetching real data for outlook...
[2026-02-18T04:34:00.874Z] [App] Google Calendar fetching is disabled. Using Local Outlook (ID 432) only.
[2026-02-18T04:34:02.321Z] [App] [AI] Using Ollama model: 'gemma2:2b' at http://127.0.0.1:11434
[2026-02-18T04:34:08.914Z] [App] GET /api/slack 200 in 8.1s (compile: 2ms, proxy.ts: 9ms, render: 8.1s)
[2026-02-18T04:34:11.766Z] [App] [AI] Briefing Raw: Good morning! Today's focus is on the upcoming UFC team brainstorming session and Rishi Bhasin's initiative for a new name.  We also need to address Ganesh Bharadwaj's request regarding the deprecation of CreateCrawler service for Andes Registry dataset creation, which could impact DSO automation processes. Additionally, there's an important follow-up on Shiva's suggestion about presenting in ASCS forum regarding the CPP Knowledge base demo session. 

**Top Priorities:**

- **Start:**  Review and finalize the new name for the UFC team (week 6 and 7) with Rishi Bhasin.
- **Decide:**  Schedule a meeting with Ganesh Bharadwaj to discuss the CreateCrawler service deprecation and potential impact on DSO automation processes.
- **Follow up:**  Connect with Rishi Bhasin to get an update on the new name for the UFC team (week 6 and 7) and confirm the demo session timeline for the CPP Knowledge base. 


Let me know if you need any assistance with these items or have other tasks that require attention!
[2026-02-18T04:34:11.768Z] [App] GET /api/analyze?source=outlook 200 in 10.9s (compile: 6ms, proxy.ts: 7ms, render: 10.9s)
[2026-02-18T04:34:11.779Z] [App] [AI] Using Ollama model: 'gemma2:2b' at http://127.0.0.1:11434
[2026-02-18T04:34:19.937Z] [App] GET /api/slack 200 in 8.2s (compile: 1164µs, proxy.ts: 6ms, render: 8.2s)
[2026-02-18T04:34:19.959Z] [App] [API/Analyze] source=outlook, useMock=false, session=true
[2026-02-18T04:34:19.959Z] [App] [API/Analyze] Fetching real data for outlook...
[2026-02-18T04:34:19.960Z] [App] Google Calendar fetching is disabled. Using Local Outlook (ID 432) only.
[2026-02-18T04:34:21.618Z] [App] [AI] Using Ollama model: 'gemma2:2b' at http://127.0.0.1:11434
[2026-02-18T04:34:24.715Z] [App] [AI] Briefing Raw: Good morning! Today's focus is on the UFC team's brainstorming session for a new name and Rishi Bhasin's request for a demo session regarding the CPP Knowledge base.  We also need to address Ganesh's deprecation notice for CreateCrawler service and Naval's proposal for presenting in ASCS forum.  Let's prioritize these items, ensuring we stay on top of deadlines and potential roadblocks. 

**Top Priorities:**

- **Start:** Schedule a meeting with Rishi Bhasin to discuss the new name for the UFC team and brainstorm ideas for a compelling pitch.
- **Decide:**  Determine the best approach for presenting the CPP Knowledge base demo session, considering Shiva's suggestions and potential audience engagement. 
- **Follow up:**  Contact Ganesh Panaskar and Sivasubramanian, Shiva to discuss the CreateCrawler service deprecation and its impact on Andes Registry dataset creation. 
- **Follow up:** Coordinate with Naval Bhandari to finalize the ASCS forum presentation plan and ensure a clear understanding of the proposed content.

Let me know if you need any further assistance or have questions about these tasks!  I'm here to help you stay productive throughout your day.
[2026-02-18T04:34:24.717Z] [App] GET /api/analyze?source=outlook 200 in 4.8s (compile: 3ms, proxy.ts: 7ms, render: 4.8s)
[2026-02-18T04:35:47.235Z] [App] GET /api/auth/session 200 in 18ms (compile: 5ms, proxy.ts: 8ms, render: 5ms)
[2026-02-18T04:35:47.247Z] [App] GET /api/auth/session 200 in 8ms (compile: 1685µs, proxy.ts: 3ms, render: 3ms)
[2026-02-18T04:36:04.622Z] [App] [AI] Generating draft for: "Advancing Agentic AI Security Foundations for SDO Services" with RAG context.
[2026-02-18T04:36:04.622Z] [App] [AI] Using Ollama model: 'gemma2:2b' at http://127.0.0.1:11434
[2026-02-18T04:36:05.787Z] [App] POST /api/draft 200 in 1236ms (compile: 1786µs, proxy.ts: 8ms, render: 1226ms)
[2026-02-18T04:45:00.007Z] [Agent] [2026-02-18T04:45:00.007Z] Starting Background Sync...
[2026-02-18T04:45:00.007Z] [Agent] Last Sync: 2026-02-18T04:11:28.795Z
[2026-02-18T04:45:50.516Z] [Agent] [2026-02-18T04:45:50.516Z] Fetched 50 raw items. Found 0 NEW emails.
[2026-02-18T04:45:50.517Z] [Agent] [2026-02-18T04:45:50.516Z] No new emails.
[2026-02-18T04:47:25.159Z] [App] GET / 200 in 45ms (compile: 7ms, proxy.ts: 9ms, render: 29ms)
[2026-02-18T04:47:25.373Z] [App] [API] Fetching Outlook emails (via JXA Service)...
[2026-02-18T04:47:25.385Z] [App] GET /api/auth/session 200 in 25ms (compile: 14ms, proxy.ts: 5ms, render: 6ms)
[2026-02-18T04:47:25.400Z] [App] GET /api/auth/session 200 in 10ms (compile: 2ms, proxy.ts: 4ms, render: 4ms)
[2026-02-18T04:47:26.985Z] [App] GET /api/outlook-local 200 in 1626ms (compile: 6ms, proxy.ts: 5ms, render: 1616ms)
[2026-02-18T04:47:26.996Z] [App] [API/Calendar] useMock=false, source=outlook (enforced)
[2026-02-18T04:47:26.997Z] [App] [API/Calendar] Fetching Outlook local events (ID 432)...
[2026-02-18T04:47:27.013Z] [App] GET /api/agent-status 200 in 11ms (compile: 3ms, proxy.ts: 6ms, render: 3ms)
[2026-02-18T04:47:27.020Z] [App] GET /api/agent-status 200 in 6ms (compile: 1307µs, proxy.ts: 3ms, render: 1479µs)
[2026-02-18T04:47:42.280Z] [App] [AI] Generating draft for: "[FLASH] UFC team (week 6 and 7)" with RAG context.
[2026-02-18T04:47:42.281Z] [App] [AI] Using Ollama model: 'gemma2:2b' at http://127.0.0.1:11434
[2026-02-18T04:47:45.639Z] [App] POST /api/draft 200 in 3.9s (compile: 3ms, proxy.ts: 8ms, render: 3.8s)
[2026-02-18T04:47:48.644Z] [App] Outlook Calendar Raw Output: 70543|||Artemis Self-Healing: Fallback Phase UX Proposal|||2026-02-19T10:30:00|||2026-02-19T11:00:00||||||
70495|||CPP LT Offsite Takeaways|||2026-02-17T15:05:00|||2026-02-17T15:30:00|||CONF US SEA Rufus 03.100 Restricted AV/VC (14) - CONF US SJC10 05.563 Artemis AV/VC (12) - Zoom; https://amazon.zoom.us/j/96494421299?pwd=t3fhqKaxZyMaEQcge5rZcgbfv6cJ3V.1&from=addon|||
70534|||PRISM CPP Internal Sync|||2026-02-17T14:00:00|||2026-02-17T14:30:00||||||
70509|||Custom classifiers weekly goal sync up|||2026-02-17T14:00:00|||2026-02-17T14:30:00|||CONF US SEA Rufus 03.107 AV/VC (10)|||
70548|||Weekly Sync - Drift Detection|||2026-02-18T12:30:00|||2026-02-18T13:00:00|||https://amazon.zoom.us/j/91529403104?pwd=FhIY4hNSaAumlDwtGuqKuWS0395s8y.1&from=addon|||
70533|||Artemis TP Coverage Roadmap Closure Workshop|||2026-02-17T12:00:00|||2026-02-17T14:00:00|||https://amazon.zoom.us/j/97262419416?pwd=QRs5AaGmS2aNmDa8DfUV31ymufJuYQ.1|||
70547|||EE - Sync up on Steel thread |||2026-02-17T12:30:00|||2026-02-17T13:00:00|||CONF US SEA Rufus 03.104 AV/VC (10)|||
70545|||AMS Rearchitecture Plan review|||2026-02-18T15:00:00|||2026-02-18T16:00:00|||https://amazon.zoom.us/j/92185163838?pwd=KauB8y7uxS2iCbEbMFwNS7hDvi1HbQ.1|||
70511|||1:1 Sankalp - Bahadir (Weekly)|||2026-02-17T11:35:00|||2026-02-17T12:00:00|||Bahadir's Office or Zoom; https://amazon.zoom.us/j/94294567398?pwd=RCb7nEqOosjyjAsWmGWtr3TQKWk1qn.1&from=addon|||
70546|||AMS Oncall handoff|||2026-02-17T10:30:00|||2026-02-17T11:00:00|||CONF US SJC10 05.571 Galileo Vendor Access AV/VC (24); https://amazon.zoom.us/j/95138110558?pwd=gvIPRdA5RsnB2rTGVkS4MjBLuwjFDN.1&from=addon|||
70480|||ASCS MBR: CSO|||2026-02-17T09:05:00|||2026-02-17T10:00:00|||Rufus 03.102 -- Zoom|||
70541|||Placeholder Invite - RISC Snowball workshop - BLR - Day 3 (19th Feb)|||2026-02-18T21:30:00|||2026-02-19T03:00:00|||https://amazon.zoom.us/j/99849738227?pwd=JIm4K3BsbqJxbNxcZYbSWN6aVk7bFC.1&from=addon; ,BLR 22 05.413, BLR 22 05.414|||
70540|||Placeholder Invite - RISC Snowball workshop - BLR - Day 2 (18th Feb)|||2026-02-17T21:30:00|||2026-02-18T05:00:00|||https://amazon.zoom.us/j/92083676896?pwd=a1nxPU8RMlsTxxKceAKUMuR5GgKl1b.1&from=addon; ,BLR 22 05.413, BLR 22 05.414|||
70523|||[Reading] eCF Q4 2025 QBR: ASCS|||2026-02-19T08:00:00|||2026-02-19T08:30:00|||Nessie 06.400 + Zoom|||
70524|||[Discussion] eCF Q4 2025 QBR: ASCS|||2026-02-19T08:30:00|||2026-02-19T09:30:00|||Nessie 06.400 + Zoom; https://amazon.zoom.us/j/91315747970?pwd=Yo24Kmf2a2NiScVv32LbI3X08gitwO.1&from=addon|||
70467|||linld@ OOTO 2/19 - 3/19|||2026-02-18T16:00:00|||2026-03-19T17:00:00||||||
[2026-02-18T04:47:48.645Z] [App] [API/Calendar] Found 16 real events
[2026-02-18T04:47:48.645Z] [App] [AI] Searching RAG for meeting: "Artemis Self-Healing: Fallback Phase UX Proposal"
[2026-02-18T04:47:48.689Z] [App] [AI] Using Ollama model: 'gemma2:2b' at http://127.0.0.1:11434
[2026-02-18T04:47:52.621Z] [App] [AI] Meeting Brief Raw: {
    "context": "The meeting is to discuss the 'Artemis Self-Healing: Fallback Phase UX Proposal' and review progress on the Steel thread.  There was a discussion regarding the Artemis EE roadmap, with Ganesh Panaskar sending out an invite for this meeting.",
    "questions": ["What are the key takeaways from the Artemis EE roadmap discussion? ", "Has there been any update on the S-Team goal to decrease additional listing requirements post-ASIN launch?", "Are there any blockers or challenges that need to be addressed in the fallback phase UX proposal?"] 
}
[2026-02-18T04:47:52.621Z] [App] [AI] Searching RAG for meeting: "CPP LT Offsite Takeaways"
[2026-02-18T04:47:52.635Z] [App] [AI] Using Ollama model: 'gemma2:2b' at http://127.0.0.1:11434
[2026-02-18T04:47:56.496Z] [App] [AI] Meeting Brief Raw: {
    "context": "The CPP LT Offsite is scheduled for February 17th, 2026.  Sankalp Verma sent a request for time and we are awaiting his response. The emails suggest that there might be some follow-up needed regarding the Steel thread sync up.",
    "questions": ["What's the current status of the Steel thread sync up? What is the next step?", "Has Nisha Ganwani confirmed her availability for the meeting?", "Should we schedule a brief call with Sankalp to discuss his request?"] 
}
[2026-02-18T04:47:56.497Z] [App] [AI] Searching RAG for meeting: "PRISM CPP Internal Sync"
[2026-02-18T04:47:56.513Z] [App] [AI] Using Ollama model: 'gemma2:2b' at http://127.0.0.1:11434
[2026-02-18T04:48:00.567Z] [App] [AI] Meeting Brief Raw: {
    "context": "The PRISM CPP Internal Sync meeting is scheduled for February 17th at 2 pm.  Ganesh Panaskar initiated the email thread to schedule a sync up on the Steel thread, but Nisha Ganwani's OOO status needs to be considered. Sankalp Verma has sent an email requesting time and we should consider his request.",
    "questions": ["What is the current status of the Steel thread discussion? What are the key points that need to be addressed in the meeting?", "Is there a clear understanding of the desired outcomes from this internal sync?"] 
}
[2026-02-18T04:48:00.567Z] [App] [AI] Searching RAG for meeting: "Custom classifiers weekly goal sync up"
[2026-02-18T04:48:00.584Z] [App] [AI] Using Ollama model: 'gemma2:2b' at http://127.0.0.1:11434
[2026-02-18T04:48:04.210Z] [App] [AI] Meeting Brief Raw: {
    "context": "The meeting has been canceled due to prioritizing a scoping discussion.  However, there are ongoing discussions about custom classifiers weekly goals and an update on the S-Team goal reduction. We need to understand how these topics relate to the upcoming meeting.",
    "questions": ["What is the current status of the scoping discussion? ", "What are the key takeaways from the S-Team goal update? ", "How can we ensure alignment between the custom classifier goals and the overall team objectives?"] 
}
[2026-02-18T04:48:04.211Z] [App] [AI] Searching RAG for meeting: "Weekly Sync - Drift Detection"
[2026-02-18T04:48:04.226Z] [App] [AI] Using Ollama model: 'gemma2:2b' at http://127.0.0.1:11434
[2026-02-18T04:48:07.347Z] [App] [AI] Meeting Brief Raw: {
    "context": "The meeting is to discuss drift detection in Steel thread.  There was a conflict with the Artemis EE roadmap discussion, and Ganesh Panaskar has cancelled his participation. ",
    "questions": ["What is the current status of the Steel thread drift detection project?","What are the key priorities for this week's meeting?", "Has there been any progress on addressing the detected drifts in Steel thread?"] 
}
[2026-02-18T04:48:07.347Z] [App] [AI] Searching RAG for meeting: "Artemis TP Coverage Roadmap Closure Workshop"
[2026-02-18T04:48:07.362Z] [App] [AI] Using Ollama model: 'gemma2:2b' at http://127.0.0.1:11434
[2026-02-18T04:48:11.163Z] [App] [AI] Meeting Brief Raw: {
    "context": "The Artemis TP Coverage Roadmap is in need of closure.  Nisha Ganwani's email indicates she will be out of office on February 23rd, so we should discuss the next steps for the roadmap and ensure alignment with team members.",
    "questions": ["What are the key milestones for the Artemis TP Coverage Roadmap? ", "Has there been any progress on addressing the concerns raised in previous emails regarding the Steel thread synchronization?", "Who is responsible for finalizing the roadmap and what is the expected timeline?"] 
}
[2026-02-18T04:48:11.163Z] [App] [AI] Searching RAG for meeting: "EE - Sync up on Steel thread "
[2026-02-18T04:48:11.178Z] [App] [AI] Using Ollama model: 'gemma2:2b' at http://127.0.0.1:11434
[2026-02-18T04:48:14.807Z] [App] [AI] Meeting Brief Raw: {
    "context": "This meeting is a follow-up to the EE - Sync up on Steel thread email exchange. The Artemis EE roadmap discussion will be taking place during this time, and it's important to ensure everyone is aligned before.",
    "questions": ["What are the key takeaways from the Artemis EE roadmap discussion?","Are there any specific concerns or challenges related to Steel thread that need to be addressed in the meeting?", "Has the status of the S-Team goal been updated?"] 
}
[2026-02-18T04:48:14.807Z] [App] [AI] Searching RAG for meeting: "AMS Rearchitecture Plan review"
[2026-02-18T04:48:14.821Z] [App] [AI] Using Ollama model: 'gemma2:2b' at http://127.0.0.1:11434
[2026-02-18T04:48:18.298Z] [App] [AI] Meeting Brief Raw: {
    "context": "The meeting is to review the AMS Rearchitecture Plan, scheduled for February 18th at 3 PM.  Emails indicate a need to finalize the plan and address questions related to it.",
    "questions": ["What are the key changes proposed in the updated plan? ", "Are there any outstanding concerns or issues regarding the implementation of the plan?", "What is the expected timeline for finalizing the plan and implementing the changes?"] 
}
[2026-02-18T04:48:18.299Z] [App] [AI] Searching RAG for meeting: "1:1 Sankalp - Bahadir (Weekly)"
[2026-02-18T04:48:18.318Z] [App] [AI] Using Ollama model: 'gemma2:2b' at http://127.0.0.1:11434
[2026-02-18T04:48:21.872Z] [App] [AI] Meeting Brief Raw: {
    "context": "This meeting is a weekly check-in with Bahadir to discuss progress on various projects.  The most recent email from Sankalp mentions a request for his time, and there's an update regarding the S-Team goal.",
    "questions": ["What are the key updates on the Artemis EE roadmap discussion? ", "Has there been any progress on reducing additional listing requirements post-ASIN launch?", "What is the status of Bahadir's free upgrade offer?"] 
}
[2026-02-18T04:48:21.872Z] [App] [AI] Searching RAG for meeting: "AMS Oncall handoff"
[2026-02-18T04:48:21.886Z] [App] [AI] Using Ollama model: 'gemma2:2b' at http://127.0.0.1:11434
[2026-02-18T04:48:23.589Z] [App] GET /settings 200 in 62ms (compile: 46ms, proxy.ts: 6ms, render: 9ms)
[2026-02-18T04:48:25.456Z] [App] [AI] Meeting Brief Raw: {
    "context": "The meeting is to discuss AMS Oncall handoff.  There's no specific agenda, but there are several recent events that might be relevant: Sankalp has requested a time, and the team needs to prepare for an upcoming oncall handoff.",
    "questions": ["What is the status of the AMS Oncall handoff? What are the key points to discuss?", "Has there been any progress on the last meeting regarding the oncall schedule? "] 
}
[2026-02-18T04:48:25.456Z] [App] [AI] Searching RAG for meeting: "ASCS MBR: CSO"
[2026-02-18T04:48:25.469Z] [App] [AI] Using Ollama model: 'gemma2:2b' at http://127.0.0.1:11434
[2026-02-18T04:48:29.472Z] [App] [AI] Meeting Brief Raw: {
    "context": "The meeting is scheduled for ASCS MBR: CSO on February 17th, 2026 at 9:05 AM.  There seems to be a discussion regarding the Steel thread and its roadmap.  Please review the emails for context.",
    "questions": ["What are the key takeaways from the Artemis EE roadmap discussion meeting? ", "Has there been any progress on the Steel thread, and what is the current status?", "Is there an agreed-upon timeline or action plan for addressing the Steel thread's concerns?"] 
}
[2026-02-18T04:48:29.473Z] [App] [AI] Searching RAG for meeting: "Placeholder Invite - RISC Snowball workshop - BLR - Day 3 (19th Feb)"
[2026-02-18T04:48:29.489Z] [App] [AI] Using Ollama model: 'gemma2:2b' at http://127.0.0.1:11434
[2026-02-18T04:48:32.626Z] [App] [AI] Meeting Brief Raw: {
    "context": "This meeting is a follow-up to the RISC Snowball workshop in BLR. The attendees are expected to discuss the progress of the workshop and address any outstanding questions or concerns.",
    "questions": ["What were the key takeaways from the previous day's workshop?", "Are there any specific challenges or roadblocks that need to be addressed during this meeting?"] 
}
[2026-02-18T04:48:32.626Z] [App] [AI] Searching RAG for meeting: "Placeholder Invite - RISC Snowball workshop - BLR - Day 2 (18th Feb)"
[2026-02-18T04:48:32.639Z] [App] [AI] Using Ollama model: 'gemma2:2b' at http://127.0.0.1:11434
[2026-02-18T04:48:36.060Z] [App] [AI] Meeting Brief Raw: {
    "context": "This meeting is for the RISC Snowball workshop in BLR, taking place on February 18th. The workshop will cover the details of the workshop and attendees are expected to participate actively.",
    "questions": ["What specific topics will be covered during the workshop? ", "Are there any pre-workshop preparations required from attendees?", "Who is responsible for managing the agenda and ensuring smooth flow of the meeting?"] 
}
[2026-02-18T04:48:36.061Z] [App] [AI] Searching RAG for meeting: "[Reading] eCF Q4 2025 QBR: ASCS"
[2026-02-18T04:48:36.077Z] [App] [AI] Using Ollama model: 'gemma2:2b' at http://127.0.0.1:11434
[2026-02-18T04:48:40.687Z] [App] [AI] Meeting Brief Raw: {
    "context": "This meeting is to discuss the eCF Q4 2025 QBR for ASCS.  Nisha Ganwani is out of office on February 23rd, and there's a need to sync up with Ganesh Panaskar regarding the Steel thread project. There seems to be progress on the S-Team goal regarding additional listing requirements.",
    "questions": ["What are the key takeaways from the Q4 2025 eCF QBR for ASCS?","Has there been any update on the Steel thread project and what's the next step?", "What is the current status of the S-Team goal regarding additional listing requirements? "]
}
[2026-02-18T04:48:40.688Z] [App] [AI] Searching RAG for meeting: "[Discussion] eCF Q4 2025 QBR: ASCS"
[2026-02-18T04:48:40.710Z] [App] [AI] Using Ollama model: 'gemma2:2b' at http://127.0.0.1:11434
[2026-02-18T04:48:45.030Z] [App] [AI] Meeting Brief Raw: {
    "context": "The meeting is to discuss eCF Q4 2025 QBR: ASCS, focusing on the progress of the S-Team goal.  Last week's emails highlight a focus on reducing additional listing requirements post-ASIN launch and potential updates from Nisha regarding her absence.",
    "questions": ["What are the key metrics for measuring success in reducing additional listing requirements post-ASIN launch?", "Has there been any progress update on the S-Team goal since last week's email from Ganga? ", "Are we on track to meet our Q4 2025 eCF targets?"]
}
[2026-02-18T04:48:45.031Z] [App] [AI] Searching RAG for meeting: "linld@ OOTO 2/19 - 3/19"
[2026-02-18T04:48:45.046Z] [App] [AI] Using Ollama model: 'gemma2:2b' at http://127.0.0.1:11434
[2026-02-18T04:48:47.992Z] [App] GET / 200 in 24ms (compile: 6ms, proxy.ts: 9ms, render: 10ms)
[2026-02-18T04:48:48.016Z] [App] [API] Fetching Outlook emails (via JXA Service)...
[2026-02-18T04:48:48.749Z] [App] [AI] Meeting Brief Raw: {
    "context": "This meeting is about the 'linld@ OOTO 2/19 - 3/19' scheduled for tomorrow.  The emails suggest a discussion on the Steel thread and potential updates on the Catalog Pipeline monthly gameday.",
    "questions": ["What are the specific topics related to the Steel thread that need to be addressed in the meeting? ", "Has there been any progress on the January Catalog Pipeline monthly gameday, and what is the expected outcome of this meeting?"] 
}
[2026-02-18T04:48:48.752Z] [App] GET /api/calendar 200 in 82s (compile: 3ms, proxy.ts: 4ms, render: 82s)
[2026-02-18T04:48:48.777Z] [App] [AI] Using Ollama model: 'gemma2:2b' at http://127.0.0.1:11434
[2026-02-18T04:48:48.788Z] [App] [API/Analyze] source=outlook, useMock=false, session=true
[2026-02-18T04:48:48.788Z] [App] [API/Analyze] Fetching real data for outlook...
[2026-02-18T04:48:48.789Z] [App] Google Calendar fetching is disabled. Using Local Outlook (ID 432) only.
[2026-02-18T04:48:49.967Z] [App] GET /api/outlook-local 200 in 1962ms (compile: 3ms, proxy.ts: 6ms, render: 1954ms)
[2026-02-18T04:48:49.976Z] [App] [API] Fetching Outlook emails (via JXA Service)...
[2026-02-18T04:48:49.980Z] [App] [API/Calendar] useMock=false, source=outlook (enforced)
[2026-02-18T04:48:49.980Z] [App] [API/Calendar] Fetching Outlook local events (ID 432)...
[2026-02-18T04:48:49.980Z] [App] Returning cached Outlook calendar data
[2026-02-18T04:48:49.980Z] [App] [API/Calendar] Found 16 real events
[2026-02-18T04:48:49.980Z] [App] [AI] Searching RAG for meeting: "Artemis Self-Healing: Fallback Phase UX Proposal"
[2026-02-18T04:48:50.014Z] [App] GET /api/agent-status 200 in 20ms (compile: 4ms, proxy.ts: 13ms, render: 4ms)
[2026-02-18T04:48:50.031Z] [App] GET /api/agent-status 200 in 14ms (compile: 3ms, proxy.ts: 5ms, render: 7ms)
[2026-02-18T04:48:50.057Z] [App] [AI] Using Ollama model: 'gemma2:2b' at http://127.0.0.1:11434
[2026-02-18T04:48:51.379Z] [App] [AI] Using Ollama model: 'gemma2:2b' at http://127.0.0.1:11434
[2026-02-18T04:48:52.256Z] [App] GET /api/outlook-local 200 in 2.3s (compile: 2ms, proxy.ts: 5ms, render: 2.3s)
[2026-02-18T04:48:57.254Z] [App] GET /api/slack 200 in 8.5s (compile: 4ms, proxy.ts: 10ms, render: 8.5s)
[2026-02-18T04:49:01.258Z] [App] [AI] Meeting Brief Raw: {
    "context": "The meeting is to discuss the Artemis Self-Healing: Fallback Phase UX Proposal.  A previous discussion regarding the Steel thread roadmap and a follow-up on the Artemis EE roadmap has taken place, with attendees confirming their participation in the upcoming meeting.",
    "questions": ["What are the key takeaways from the recent discussions about the Artemis Self-Healing project's fallback phase? ", "Has there been any update on the progress of the Steel thread roadmap and its impact on the user experience?", "What specific UX challenges are we trying to address in this proposal?"] 
}
[2026-02-18T04:49:01.258Z] [App] [AI] Searching RAG for meeting: "CPP LT Offsite Takeaways"
[2026-02-18T04:49:01.292Z] [App] [AI] Using Ollama model: 'gemma2:2b' at http://127.0.0.1:11434
[2026-02-18T04:49:04.040Z] [App] [AI] Briefing Raw: Good morning! Today's focus is on the UFC team's brainstorming session regarding a new team name and its potential impact on our product roadmap.  We also need to address Rishi Bhasin's request for a demo of the CPP Knowledge base, which requires collaboration with Ganesh Bharadwaj and Shiva Sivasubramanian. Additionally, we should prioritize the upcoming ASCS forum presentation by Naval Bhandari and Shiva Sivasubramanian. 

**Top Priorities:**

- **Start:**  Schedule a meeting with Rishi Bhasin to discuss the new team name and its implications for the product roadmap.
- **Decide:** Determine the best approach for presenting the CPP Knowledge base demo at ASCS forum, considering potential audience engagement and Shiva Sivasubramanian's questions. 
- **Follow up:**  Collaborate with Ganesh Bharadwaj on a plan to address the "CreateCrawler service deprecation" issue and ensure it aligns with BDT's External Tables (Hive in Glue) GA launch. 

Let me know if you have any questions or need further assistance!
[2026-02-18T04:49:04.049Z] [App] GET /api/analyze?source=outlook 200 in 15.3s (compile: 10ms, proxy.ts: 8ms, render: 15.3s)
[2026-02-18T04:49:04.059Z] [App] [AI] Using Ollama model: 'gemma2:2b' at http://127.0.0.1:11434
[2026-02-18T04:49:07.759Z] [App] [AI] Meeting Brief Raw: {
    "context": "The CPP team is meeting to discuss takeaways from the recent offsite.  Sankalp has requested a time to connect, and Nisha is out of office on Monday.  We need to determine how to proceed with the Steel thread sync-up.",
    "questions": ["What are the key takeaways from the offsite regarding the Steel thread sync-up?", "Should we reschedule Sankalp's meeting or find alternative ways to connect?", "Has anyone had a chance to review the CPP Knowledge base demo session proposal?"] 
}
[2026-02-18T04:49:07.759Z] [App] [AI] Searching RAG for meeting: "PRISM CPP Internal Sync"
[2026-02-18T04:49:07.786Z] [App] [AI] Using Ollama model: 'gemma2:2b' at http://127.0.0.1:11434
[2026-02-18T04:49:12.279Z] [App] [API/Calendar] useMock=false, source=outlook (enforced)
[2026-02-18T04:49:12.279Z] [App] [API/Calendar] Fetching Outlook local events (ID 432)...
[2026-02-18T04:49:12.279Z] [App] Returning cached Outlook calendar data
[2026-02-18T04:49:12.279Z] [App] [API/Calendar] Found 16 real events
[AI] Searching RAG for meeting: "Artemis Self-Healing: Fallback Phase UX Proposal"
[2026-02-18T04:49:12.294Z] [App] [AI] Using Ollama model: 'gemma2:2b' at http://127.0.0.1:11434
[2026-02-18T04:49:15.271Z] [App] GET /api/slack 200 in 11.2s (compile: 1865µs, proxy.ts: 6ms, render: 11.2s)
[2026-02-18T04:49:15.283Z] [App] [API/Analyze] source=outlook, useMock=false, session=true
[2026-02-18T04:49:15.283Z] [App] [API/Analyze] Fetching real data for outlook...
[2026-02-18T04:49:15.285Z] [App] Google Calendar fetching is disabled. Using Local Outlook (ID 432) only.
[2026-02-18T04:49:16.966Z] [App] [AI] Using Ollama model: 'gemma2:2b' at http://127.0.0.1:11434
[2026-02-18T04:49:19.281Z] [App] [AI] Meeting Brief Raw: {
    "context": "The PRISM CPP Internal Sync meeting is scheduled for February 17th at 2 PM.  A key topic of discussion appears to be the Steel thread, with Ganesh Panaskar requesting a sync-up on the matter.",
    "questions": ["What are the specific updates regarding the Steel thread? What progress has been made since last we discussed it?", "Has Nisha Ganwani's absence impacted the meeting schedule or agenda? Should we adjust accordingly?", "Is there a clear understanding of Sankalp Verma's request and what information is needed to address it?"]
}
[2026-02-18T04:49:19.281Z] [App] [AI] Searching RAG for meeting: "Custom classifiers weekly goal sync up"
[2026-02-18T04:49:19.328Z] [App] [AI] Using Ollama model: 'gemma2:2b' at http://127.0.0.1:11434
[2026-02-18T04:49:22.790Z] [App] [AI] Meeting Brief Raw: {
    "context": "The meeting is about a Fallback Phase UX proposal for Artemis Self-Healing, with attendees including the team.  A previous discussion on Steel thread and its roadmap has already taken place, and there's an update on S-Team goal progress.",
    "questions": ["What are the key takeaways from the updated Artemis EE roadmap? ", "What is the proposed solution for the Fallback Phase UX proposal?", "Has there been any feedback on the initial Steel thread discussion?"] 
}
[2026-02-18T04:49:22.790Z] [App] [AI] Searching RAG for meeting: "CPP LT Offsite Takeaways"
[2026-02-18T04:49:22.824Z] [App] [AI] Using Ollama model: 'gemma2:2b' at http://127.0.0.1:11434
[2026-02-18T04:49:25.550Z] [App] [AI] Briefing Raw: Good morning!  Today's focus is on the UFC team's brainstorming session regarding a new name for their 2P team and Rishi Bhasin's request for a demo of the CPP Knowledge base.  We also need to address Ganesh Bharadwaj's deprecation notice for CreateCrawler service in Andes Registry dataset creation, which requires further investigation into existing automation solutions. Finally, there's a follow-up needed regarding Shiva's suggestion to present the CPP Knowledge base demo at ASCS forum. 

**Top Priorities:**

- **Start:**  Schedule a meeting with Rishi Bhasin and the UFC team to discuss the new name for their 2P team.
- **Decide:**  Determine if we should prioritize the demo of the CPP Knowledge base based on its potential impact and relevance to ASCS forum.
- **Follow up:**  Reach out to Ganesh Bharadwaj to understand the scope and timeline of the CreateCrawler service deprecation, and explore alternative solutions for Andes Registry dataset creation. 


Let me know if you have any questions or need further assistance!
[2026-02-18T04:49:25.553Z] [App] GET /api/analyze?source=outlook 200 in 10.3s (compile: 1604µs, proxy.ts: 4ms, render: 10.3s)
[2026-02-18T04:49:29.090Z] [App] [AI] Meeting Brief Raw: {
    "context": "The meeting has been canceled due to prioritization of a scoping discussion.  However, there are urgent updates regarding custom classifier goals and the S-Team's progress on reducing additional listing requirements post-ASIN launch. The team needs to sync up on these topics before next week.",
    "questions": ["What is the current status of the scoping discussion? What are the key takeaways?", "What specific actions need to be taken regarding the custom classifier goals for this week?"] 
}
[2026-02-18T04:49:29.090Z] [App] [AI] Searching RAG for meeting: "Weekly Sync - Drift Detection"
[2026-02-18T04:49:29.123Z] [App] [AI] Using Ollama model: 'gemma2:2b' at http://127.0.0.1:11434
[2026-02-18T04:49:32.418Z] [App] [AI] Meeting Brief Raw: {
    "context": "The meeting is to discuss takeaways from the CPP LT offsite.  There's a potential need for scheduling adjustments and updates on the Steel thread sync-up.",
    "questions": [
        "What are the key takeaways from the CPP LT offsite? ", 
        "Has there been any update on the Steel thread sync-up?", 
        "Should we reschedule the meeting to accommodate Nisha's OOO?" 
    ]
}
[2026-02-18T04:49:32.419Z] [App] [AI] Searching RAG for meeting: "PRISM CPP Internal Sync"
[2026-02-18T04:49:32.452Z] [App] [AI] Using Ollama model: 'gemma2:2b' at http://127.0.0.1:11434
[2026-02-18T04:49:36.509Z] [App] [AI] Meeting Brief Raw: {
    "context": "The weekly sync meeting for Drift Detection is scheduled for February 18th at 12:30 PM.  There seems to be a conflict with the Artemis EE roadmap discussion meeting during this time, and Ganesh Panaskar has canceled his participation in the sync-up.",
    "questions": ["What is the current status of the Steel thread project? Are there any updates or action items from last week's sync?", "Has anyone been assigned responsibility for addressing the drift detection issue? ", "Should we reschedule the meeting to avoid conflict with the Artemis EE roadmap discussion?"] 
}
[2026-02-18T04:49:36.509Z] [App] [AI] Searching RAG for meeting: "Artemis TP Coverage Roadmap Closure Workshop"
[2026-02-18T04:49:36.541Z] [App] [AI] Using Ollama model: 'gemma2:2b' at http://127.0.0.1:11434
[2026-02-18T04:49:40.772Z] [App] [AI] Meeting Brief Raw: {
    "context": "The PRISM CPP Internal Sync meeting is scheduled for February 17th at 2 PM.  A follow-up email from Ganesh Panaskar invites the team to sync up on the Steel thread, and Nisha Ganwani has indicated her unavailability on Monday, February 23rd. We need to ensure all attendees are aligned on the meeting's purpose and agenda.",
    "questions": ["What is the specific focus of this internal sync? What action items should be addressed during the meeting?", "Are there any outstanding issues or concerns related to the Steel thread that need to be discussed in the meeting?"] 
}
[2026-02-18T04:49:40.773Z] [App] [AI] Searching RAG for meeting: "Custom classifiers weekly goal sync up"
[2026-02-18T04:49:40.810Z] [App] [AI] Using Ollama model: 'gemma2:2b' at http://127.0.0.1:11434
[2026-02-18T04:49:44.389Z] [App] [AI] Generating draft for: "[FLASH] UFC team (week 6 and 7)" with RAG context.
[2026-02-18T04:49:44.389Z] [App] [AI] Using Ollama model: 'gemma2:2b' at http://127.0.0.1:11434
[2026-02-18T04:49:44.793Z] [App] [AI] Meeting Brief Raw: {
    "context": "The Artemis TP Coverage Roadmap is in need of closure.  Nisha Ganwani's email indicates she will be out of office, and there seems to be a lack of clarity on the current status of the roadmap.",
    "questions": ["What is the current status of the Artemis TP Coverage Roadmap? What are the key milestones that need to be addressed?", "Has there been any progress made on the roadmap since the last meeting? If so, what are the next steps?", "Who will be responsible for taking ownership of the roadmap and its closure?"]
}
[2026-02-18T04:49:44.793Z] [App] [AI] Searching RAG for meeting: "EE - Sync up on Steel thread "
[2026-02-18T04:49:44.830Z] [App] [AI] Using Ollama model: 'gemma2:2b' at http://127.0.0.1:11434
[2026-02-18T04:49:48.443Z] [App] [AI] Meeting Brief Raw: {
    "context": "The meeting has been canceled to prioritize a scoping discussion.  A new meeting is needed to discuss and finalize weekly goals for custom classifiers. The last meeting was about the S-Team goal, which aims to reduce additional listing requirements post-ASIN launch.",
    "questions": ["What are the key objectives for this week's meeting?","What progress has been made on the scoping discussion?", "Has there been any update on the new name for the 2p team of UFC?"]
}
[2026-02-18T04:49:48.443Z] [App] [AI] Searching RAG for meeting: "Weekly Sync - Drift Detection"
[2026-02-18T04:49:48.476Z] [App] [AI] Using Ollama model: 'gemma2:2b' at http://127.0.0.1:11434
[2026-02-18T04:49:49.713Z] [App] POST /api/draft 200 in 5.4s (compile: 2ms, proxy.ts: 8ms, render: 5.4s)
[2026-02-18T04:49:53.270Z] [App] [AI] Meeting Brief Raw: {
    "context": "This meeting is to discuss the status of the Steel thread project. The Artemis EE roadmap discussion meeting has already occurred, and there seems to be some scheduling conflict with this meeting.  We need to ensure everyone's availability for a productive discussion.",
    "questions": ["What are the key takeaways from the Artemis EE roadmap discussion?","Are there any updates on the Steel thread project since the last communication?", "Is there a clear understanding of the desired outcome for this meeting?"] 
}
[2026-02-18T04:49:53.271Z] [App] [AI] Searching RAG for meeting: "AMS Rearchitecture Plan review"
[2026-02-18T04:49:53.300Z] [App] [AI] Using Ollama model: 'gemma2:2b' at http://127.0.0.1:11434
[2026-02-18T04:49:56.398Z] [App] [AI] Generating draft for: "[FLASH] UFC team (week 6 and 7)" with RAG context.
[2026-02-18T04:49:56.399Z] [App] [AI] Using Ollama model: 'gemma2:2b' at http://127.0.0.1:11434
[2026-02-18T04:49:56.910Z] [App] [AI] Meeting Brief Raw: {
    "context": "The meeting is to discuss drift detection in Artemis EE. There seems to be a conflict with the scheduled Artemis EE roadmap discussion meeting during this time, and Ganesh Panaskar has canceled his attendance.  Please review the emails for context.",
    "questions": ["What was the status of the Steel thread discussions before the meeting? ", "Is there a specific action item related to drift detection that needs to be addressed in the meeting?", "Should we reschedule the meeting or proceed with the current plan?"] 
}
[2026-02-18T04:49:56.910Z] [App] [AI] Searching RAG for meeting: "Artemis TP Coverage Roadmap Closure Workshop"
[2026-02-18T04:49:56.942Z] [App] [AI] Using Ollama model: 'gemma2:2b' at http://127.0.0.1:11434
[2026-02-18T04:50:01.708Z] [App] [AI] Meeting Brief Raw: {
    "context": "The AMS Rearchitecture Plan review meeting is scheduled for February 18th, 2026 at 3:00 PM.  Rishi Bhasin has been requested to prepare the demo and answer questions on the CPP knowledge base CR review assistant. Astha Flynn has sent out a proposal regarding the Artemis Self-Healing UX during the fallback phase.",
    "questions": ["What are the key outcomes expected from the review of the AMS Rearchitecture Plan?","Who will be responsible for preparing the demo for the CPP Knowledge base and what is the scope of the demo?","What specific questions or concerns do we need to address regarding the CR review assistant? "] 
}
[2026-02-18T04:50:01.708Z] [App] [AI] Searching RAG for meeting: "1:1 Sankalp - Bahadir (Weekly)"
[2026-02-18T04:50:01.751Z] [App] [AI] Using Ollama model: 'gemma2:2b' at http://127.0.0.1:11434
[2026-02-18T04:50:03.768Z] [App] POST /api/draft 200 in 7.4s (compile: 1319µs, proxy.ts: 8ms, render: 7.4s)
[2026-02-18T04:50:08.244Z] [App] [AI] Meeting Brief Raw: {
    "context": "The Artemis TP Coverage Roadmap is in a state of flux, with Nisha Ganwani's OOO notice and Ganesh Panaskar's email regarding the Steel thread sync-up indicating potential delays.  There is also an external email from Sankalp Verma requesting time, which needs to be addressed.",
    "questions": ["What is the current status of the Artemis TP Coverage Roadmap? Are there any specific deadlines or milestones that need to be addressed?", "Has there been any progress on the Steel thread sync-up? What are the next steps?", "Is there a clear understanding of Sankalp Verma's request and what action needs to be taken?"]
}
[2026-02-18T04:50:08.244Z] [App] [AI] Searching RAG for meeting: "EE - Sync up on Steel thread "
[2026-02-18T04:50:08.292Z] [App] [AI] Using Ollama model: 'gemma2:2b' at http://127.0.0.1:11434
[2026-02-18T04:50:11.865Z] [App] [AI] Meeting Brief Raw: {
    "context": "Sankalp, there's a scheduled meeting with Bahadir for your weekly 1:1.  The context is focused on the progress of the S-Team goal regarding additional listing requirements post-ASIN launch.",
    "questions": ["What are the key updates from the Artemis EE roadmap discussion meeting? ", "Has any progress been made towards reducing the percentage of additional listing requirements detected post-ASIN launch?", "Are there any potential roadblocks or challenges to address in this area?"] 
}
[2026-02-18T04:50:11.865Z] [App] [AI] Searching RAG for meeting: "AMS Oncall handoff"
[2026-02-18T04:50:11.898Z] [App] [AI] Using Ollama model: 'gemma2:2b' at http://127.0.0.1:11434
[2026-02-18T04:50:15.979Z] [App] [AI] Meeting Brief Raw: {
    "context": "The meeting 'EE - Sync up on Steel thread' is scheduled for February 17th at 12:30 PM.  It appears there might be a conflict with the Artemis EE roadmap discussion meeting, and Ganesh Panaskar has canceled his previous invite due to this.",
    "questions": ["What are the specific topics that should be covered in the Steel thread sync-up? ", "Should we reschedule the meeting if it conflicts with the Artemis EE roadmap discussion?", "Are there any pre-meeting action items for the attendees before the meeting?"] 
}
[2026-02-18T04:50:15.980Z] [App] [AI] Searching RAG for meeting: "AMS Rearchitecture Plan review"
[2026-02-18T04:50:16.009Z] [App] [AI] Using Ollama model: 'gemma2:2b' at http://127.0.0.1:11434
[2026-02-18T04:50:20.155Z] [App] [AI] Meeting Brief Raw: {
    "context": "The meeting is to discuss AMS Oncall handoff.  Last call for registering a watch party was sent out, and there's a request from Sankalp for a time to connect.  It appears the last scheduled leadership sync on CPP RISC has been canceled.",
    "questions": ["What is the status of the AMS Oncall handoff process? What are the key milestones?", "Has the watch party registration deadline passed? Who needs to register and what's the next step?", "Is there a specific action item Sankalp wants to discuss with attendees?"] 
}
[2026-02-18T04:50:20.156Z] [App] [AI] Searching RAG for meeting: "ASCS MBR: CSO"
[2026-02-18T04:50:20.185Z] [App] [AI] Using Ollama model: 'gemma2:2b' at http://127.0.0.1:11434
[2026-02-18T04:50:23.763Z] [App] [AI] Meeting Brief Raw: {
    "context": "The meeting is to review the AMS Rearchitecture Plan.  Jibin Liu initiated the meeting request, and attendees are expected to be prepared for a discussion on the plan.",
    "questions": ["What specific changes or concerns regarding the AMS Rearchitecture Plan do you anticipate discussing at the meeting?", "Are there any outstanding questions from previous discussions that need to be addressed in this review session? ", "Has the team finalized their input and feedback on the proposed changes for the plan?"] 
}
[2026-02-18T04:50:23.764Z] [App] [AI] Searching RAG for meeting: "1:1 Sankalp - Bahadir (Weekly)"
[2026-02-18T04:50:23.820Z] [App] [AI] Using Ollama model: 'gemma2:2b' at http://127.0.0.1:11434
[2026-02-18T04:50:27.329Z] [App] [AI] Meeting Brief Raw: {
    "context": "The meeting is scheduled for 'ASCs MBR: CSO' on February 17th, 2026 at 9:05 AM.  A discussion about the Artemis EE roadmap and a potential upgrade opportunity are likely to be discussed. The emails suggest that there might be some scheduling conflicts or updates regarding the Steel thread.",
    "questions": [ "What is the status of the Steel thread discussion?", "Is there any update on the potential free upgrade for customers?"] 
}
[2026-02-18T04:50:27.330Z] [App] [AI] Searching RAG for meeting: "Placeholder Invite - RISC Snowball workshop - BLR - Day 3 (19th Feb)"
[2026-02-18T04:50:27.372Z] [App] [AI] Using Ollama model: 'gemma2:2b' at http://127.0.0.1:11434
[2026-02-18T04:50:31.344Z] [App] [AI] Meeting Brief Raw: {
    "context": "Sankalp, there's a scheduled meeting with Bahadir to discuss progress on the S-Team goal.  The email history suggests that discussions around additional listing requirements post-ASIN launch are ongoing and require attention.",
    "questions": ["What is the current status of the S-Team goal regarding reducing additional listing requirements post-ASIN launch? ", "Has there been any update on the Artemis EE roadmap discussion meeting?", "Are we on track to meet the target for reducing additional listing requirements post-ASIN launch?"] 
}
[2026-02-18T04:50:31.345Z] [App] [AI] Searching RAG for meeting: "AMS Oncall handoff"
[2026-02-18T04:50:31.374Z] [App] [AI] Using Ollama model: 'gemma2:2b' at http://127.0.0.1:11434
[2026-02-18T04:50:35.151Z] [App] [AI] Meeting Brief Raw: {
    "context": "This meeting is for the RISC Snowball workshop in BLR, Day 3 (February 19th).  The attendees are Sethi, Vibhor; Greenbaum, Corbett; Rayapati, Ravindra; Raja, Infant; Nate. The email history shows a series of invitations and summaries leading up to this meeting.",
    "questions": ["What is the expected outcome of the workshop?","Who will be presenting at the workshop?","Is there a specific agenda for the workshop?"] 
}
[2026-02-18T04:50:35.151Z] [App] [AI] Searching RAG for meeting: "Placeholder Invite - RISC Snowball workshop - BLR - Day 2 (18th Feb)"
[2026-02-18T04:50:35.195Z] [App] [AI] Using Ollama model: 'gemma2:2b' at http://127.0.0.1:11434
[2026-02-18T04:50:39.385Z] [App] [AI] Meeting Brief Raw: {
    "context": "The meeting is focused on AMS Oncall handoff.  There's a last-minute update regarding Sankalp's request for time, and the team needs to confirm if they can make it. The context from previous emails suggests that there might be some scheduling conflicts or changes in plans.",
    "questions": ["What are the specific details of the AMS Oncall handoff? Are there any known delays or adjustments?", "Has Sankalp's request for time been addressed, and what is the next step?", "Is there a clear plan for how to proceed with the oncall handoff?"] 
}
[2026-02-18T04:50:39.385Z] [App] [AI] Searching RAG for meeting: "ASCS MBR: CSO"
[2026-02-18T04:50:39.419Z] [App] [AI] Using Ollama model: 'gemma2:2b' at http://127.0.0.1:11434
[2026-02-18T04:50:43.148Z] [App] [AI] Meeting Brief Raw: {
    "context": "This meeting is for the RISC Snowball workshop in BLR, specifically Day 2 (February 18th). The invite was sent out on February 7th and attendees are expected to be briefed before the event.  We should ensure everyone has a clear understanding of the agenda and objectives.",
    "questions": ["What is the expected outcome of this workshop? ", "Are there any specific challenges or concerns that need to be addressed during the meeting?", "Has the workshop agenda been finalized and shared with attendees?"] 
}
[2026-02-18T04:50:43.149Z] [App] [AI] Searching RAG for meeting: "[Reading] eCF Q4 2025 QBR: ASCS"
[2026-02-18T04:50:43.192Z] [App] [AI] Using Ollama model: 'gemma2:2b' at http://127.0.0.1:11434
[2026-02-18T04:50:47.416Z] [App] [AI] Meeting Brief Raw: {
    "context": "The ASCS MBR meeting is scheduled for February 17th, 2026 at 9:05 AM to discuss the Steel thread.  There was a previous discussion about scheduling this meeting and it appears that there's a need to sync up on the roadmap for Artemis EE.",
    "questions": ["What is the current status of the Steel thread roadmap? What are the key milestones?", "Has there been any progress on the Artemis EE roadmap discussion from the last meeting? ", "Who will be attending the meeting and what is their role in this discussion?"] 
}
[2026-02-18T04:50:47.417Z] [App] [AI] Searching RAG for meeting: "Placeholder Invite - RISC Snowball workshop - BLR - Day 3 (19th Feb)"
[2026-02-18T04:50:47.460Z] [App] [AI] Using Ollama model: 'gemma2:2b' at http://127.0.0.1:11434
[2026-02-18T04:50:51.156Z] [App] [AI] Meeting Brief Raw: {
    "context": "The meeting is to discuss the eCF Q4 2025 QBR: ASCS.  We need to gather information on the status of the S-Team goal and any updates regarding the Steel thread sync up.",
    "questions": ["What are the key metrics for the S-Team goal reduction post ASIN launch? ", "Has there been any progress update on the Steel thread sync up?", "Are there any urgent issues or roadblocks that need to be addressed before the meeting?"] 
}
[2026-02-18T04:50:51.157Z] [App] [AI] Searching RAG for meeting: "[Discussion] eCF Q4 2025 QBR: ASCS"
[2026-02-18T04:50:51.192Z] [App] [AI] Using Ollama model: 'gemma2:2b' at http://127.0.0.1:11434
[2026-02-18T04:50:54.207Z] [App] [AI] Meeting Brief Raw: {
    "context": "This meeting is for the RISC Snowball workshop in BLR, Day 3 (February 19th).  The email history shows that invitations were sent out earlier and attendees are expected to be prepared. ",
    "questions": ["What specific topics will be covered during the workshop?", "Are there any pre-meeting tasks or preparations required for attendees?"] 
}
[2026-02-18T04:50:54.208Z] [App] [AI] Searching RAG for meeting: "Placeholder Invite - RISC Snowball workshop - BLR - Day 2 (18th Feb)"
[2026-02-18T04:50:54.250Z] [App] [AI] Using Ollama model: 'gemma2:2b' at http://127.0.0.1:11434
[2026-02-18T04:50:58.617Z] [App] [AI] Meeting Brief Raw: {
    "context": "This meeting is to discuss the eCF Q4 2025 Quarterly Business Review (QBR) for ASCS.  The focus will be on progress updates and potential challenges, particularly regarding the S-Team goal of reducing additional listing requirements post-ASIN launch.",
    "questions": ["What are the latest updates on the S-Team goal's progress? What specific actions have been taken to address the additional listing requirements? ", "Has there been any significant change in the overall performance of eCF Q4 2025?", "What is the estimated impact of these changes on the ASCS business objectives?"]
}
[2026-02-18T04:50:58.618Z] [App] [AI] Searching RAG for meeting: "linld@ OOTO 2/19 - 3/19"
[2026-02-18T04:50:58.659Z] [App] [AI] Using Ollama model: 'gemma2:2b' at http://127.0.0.1:11434
[2026-02-18T04:51:02.030Z] [App] [AI] Meeting Brief Raw: {
    "context": "This meeting is for the RISC Snowball workshop in BLR, taking place on February 18th.  The email chain shows the invitation was sent out and attendees are expected to be present.",
    "questions": ["What are the key objectives of this workshop? ", "Has a plan been established for the workshop's agenda?", "Are there any specific challenges or concerns that need to be addressed during the meeting?"] 
}
[2026-02-18T04:51:02.030Z] [App] [AI] Searching RAG for meeting: "[Reading] eCF Q4 2025 QBR: ASCS"
[2026-02-18T04:51:02.072Z] [App] [AI] Using Ollama model: 'gemma2:2b' at http://127.0.0.1:11434
[2026-02-18T04:51:06.359Z] [App] [AI] Meeting Brief Raw: {
    "context": "The meeting is about 'linld@ OOTO 2/19 - 3/19' and focuses on updates related to the Steel thread project.  There seems to be a need for coordination between teams, particularly regarding the Catalog Pipeline monthly gameday.",
    "questions": ["What are the specific challenges or roadblocks that need to be addressed in relation to the Steel thread project? ", "Has there been any progress on the synchronization of the Steel thread with the Catalog Pipeline monthly gameday? ", "Are there any updates on the proposed bi-weekly connect for the CSP Team and CPP SDMs?"]
}
[2026-02-18T04:51:06.369Z] [App] GET /api/calendar 200 in 2.3min (compile: 4ms, proxy.ts: 5ms, render: 2.3min)
[2026-02-18T04:51:06.382Z] [App] [AI] Using Ollama model: 'gemma2:2b' at http://127.0.0.1:11434
[2026-02-18T04:51:06.390Z] [App] [API/Analyze] source=outlook, useMock=false, session=true
[2026-02-18T04:51:06.391Z] [App] [API/Analyze] Fetching real data for outlook...
[2026-02-18T04:51:06.392Z] [App] Google Calendar fetching is disabled. Using Local Outlook (ID 432) only.
[2026-02-18T04:51:07.949Z] [App] [AI] Using Ollama model: 'gemma2:2b' at http://127.0.0.1:11434
[2026-02-18T04:51:10.463Z] [App] [AI] Meeting Brief Raw: {
    "context": "This meeting is to discuss the Q4 2025 eCF QBR for ASCS.  Nisha Ganwani is out of office on Monday, February 23rd and we need to ensure everyone is aligned on the key takeaways from the last few weeks.",
    "questions": ["What are the current status updates on the S-Team goal reduction? ", "Has there been any progress on the Steel thread sync up?", "Who will be responsible for sharing the Q4 2025 eCF QBR report and what is the expected timeline?"] 
}
[2026-02-18T04:51:10.463Z] [App] [AI] Searching RAG for meeting: "[Discussion] eCF Q4 2025 QBR: ASCS"
[2026-02-18T04:51:10.505Z] [App] [AI] Using Ollama model: 'gemma2:2b' at http://127.0.0.1:11434
[2026-02-18T04:51:18.736Z] [App] GET /api/slack 200 in 12.4s (compile: 2ms, proxy.ts: 7ms, render: 12.4s)
[2026-02-18T04:51:21.584Z] [App] [AI] Briefing Raw: Good morning! Today's focus is on the UFC team's new name brainstorming and Rishi Bhasin's urgent request for a demo session regarding the CPP Knowledge base.  We also need to address Ganesh Bharadwaj's deprecation notice for CreateCrawler service in Andes Registry dataset creation, which requires careful consideration of existing automation processes. Let's prioritize addressing these items first before diving into the potential impact on ASCS forum and CR review assistant tool demos. 

**Top Priorities:**

- **Start:**  Collaborate with Rishi Bhasin to finalize a new name for the UFC team by [date].
- **Decide:**  Schedule a meeting with Ganesh Bharadwaj to discuss the CreateCrawler service deprecation and potential solutions for Andes Registry dataset creation.
- **Follow up:**  Respond to Sankalp's request for demo session on CPP Knowledge base and address Shiva's questions regarding CR review assistant tool by [date]. 


Let me know if you need help with any of these tasks or have other items that require attention!  I'm here to support your productivity.
[2026-02-18T04:51:21.587Z] [App] GET /api/analyze?source=outlook 200 in 15.2s (compile: 5ms, proxy.ts: 6ms, render: 15.2s)
[2026-02-18T04:51:21.598Z] [App] [AI] Using Ollama model: 'gemma2:2b' at http://127.0.0.1:11434
[2026-02-18T04:51:26.153Z] [App] [AI] Meeting Brief Raw: {
    "context": "This meeting is to discuss the eCF Q4 2025 QBR for ASCS.  Nisha Ganwani is out of office on Monday, February 23rd. There are updates regarding S-Team goal progress and a potential discussion about Steel thread sync up.",
    "questions": ["What is the current status of the S-Team goal reduction in additional listing requirements post-ASIN launch? ", "Has there been any update from Ganesh Panaskar on the Steel thread sync up?", "Are we prepared to discuss the eCF Q4 2025 QBR for ASCS?"]
}
[2026-02-18T04:51:26.154Z] [App] [AI] Searching RAG for meeting: "linld@ OOTO 2/19 - 3/19"
[2026-02-18T04:51:26.194Z] [App] [AI] Using Ollama model: 'gemma2:2b' at http://127.0.0.1:11434
[2026-02-18T04:51:33.009Z] [App] GET /api/slack 200 in 11.4s (compile: 1555µs, proxy.ts: 6ms, render: 11.4s)
[2026-02-18T04:51:33.027Z] [App] [API/Analyze] source=outlook, useMock=false, session=true
[2026-02-18T04:51:33.028Z] [App] [API/Analyze] Fetching real data for outlook...
[2026-02-18T04:51:33.028Z] [App] Google Calendar fetching is disabled. Using Local Outlook (ID 432) only.
[2026-02-18T04:51:34.700Z] [App] [AI] Using Ollama model: 'gemma2:2b' at http://127.0.0.1:11434
[2026-02-18T04:51:37.994Z] [App] [AI] Meeting Brief Raw: {
    "context": "The meeting 'linld@ OOTO 2/19 - 3/19' is scheduled for 2026-02-18T16:00:00.  Joshua Jones (from email 1) and Ganesh Panaskar (from email 2) are likely involved in the meeting, with potential discussion on Steel thread. The January Catalog Pipeline monthly game day will be run on February 18th.",
    "questions": ["What is the status of the Steel thread project? What specific updates or concerns need to be addressed during the meeting?", "Is there a clear agenda for the meeting? Are there any pre-meeting tasks that should be completed before the session?"]
}
[2026-02-18T04:51:37.996Z] [App] GET /api/calendar 200 in 2.4min (compile: 2ms, proxy.ts: 8ms, render: 2.4min)
[2026-02-18T04:51:38.014Z] [App] [AI] Using Ollama model: 'gemma2:2b' at http://127.0.0.1:11434
[2026-02-18T04:51:40.756Z] [App] [AI] Briefing Raw: Good morning! Today's focus is on the UFC team's brainstorming session for a new name and Rishi Bhasin's ongoing efforts on the CPP Knowledge base demo.  There are also some important deadlines related to the CreateCrawler service deprecation in Andes Registry dataset creation, and we need to ensure the ASCS forum presentation for the CPP Knowledge base demo is well-prepared. Let's tackle these priorities head-on! 

**Top Priorities:**

- **Start:** Review the UFC team's brainstorming session notes and draft a preliminary response outlining your thoughts on potential names.
- **Decide:**  Choose between presenting the CPP Knowledge base demo at ASCS forum or to a smaller group of stakeholders. 
- **Follow up:**  Schedule a meeting with Rishi Bhasin to discuss the progress on the new name for the UFC team and the timeline for the demo session. 


Let me know if you need any assistance in preparing your responses or scheduling meetings!
[2026-02-18T04:51:40.762Z] [App] GET /api/analyze?source=outlook 200 in 7.7s (compile: 1208µs, proxy.ts: 5ms, render: 7.7s)
[2026-02-18T04:51:40.776Z] [App] [API/Analyze] source=outlook, useMock=false, session=true
[2026-02-18T04:51:40.776Z] [App] [API/Analyze] Fetching real data for outlook...
[2026-02-18T04:51:40.777Z] [App] Google Calendar fetching is disabled. Using Local Outlook (ID 432) only.
[2026-02-18T04:51:42.373Z] [App] [AI] Using Ollama model: 'gemma2:2b' at http://127.0.0.1:11434
[2026-02-18T04:51:53.240Z] [App] GET /api/slack 200 in 15.2s (compile: 1819µs, proxy.ts: 5ms, render: 15.2s)
[2026-02-18T04:51:56.141Z] [App] [AI] Briefing Raw: Good morning!  Today's focus is on the UFC team's brainstorming session regarding a new name for their 2P team and Rishi Bhasin's request for demo preparation on the CPP Knowledge base. We also need to address Ganesh Bharadwaj's deprecation notice for CreateCrawler service in Andes Registry dataset creation, and Shiva Sivasubramanian's suggestion for presenting the CPP Knowledge base demo at ASCS forum.  Let's prioritize these items and ensure we stay ahead of potential roadblocks. 

**Top Priorities:**

- **Start:** Schedule a meeting with Rishi Bhasin to discuss the new name for the UFC team and brainstorm potential options.
- **Decide:** Determine the best approach for demo preparation based on Ganesh Bharadwaj's deprecation notice and Shiva Sivasubramanian's request. 
- **Follow up:**  Contact Rishi Bhasin regarding the urgency of the "new name" project and confirm a timeline for decision making. 


Let me know if you need any assistance with this, or if there are other tasks I can help with today!
[2026-02-18T04:51:56.142Z] [App] GET /api/analyze?source=outlook 200 in 15.4s (compile: 1211µs, proxy.ts: 5ms, render: 15.4s)
[2026-02-18T04:51:56.155Z] [App] [AI] Using Ollama model: 'gemma2:2b' at http://127.0.0.1:11434
[2026-02-18T04:52:04.619Z] [App] GET /api/slack 200 in 8.5s (compile: 1185µs, proxy.ts: 7ms, render: 8.5s)
[2026-02-18T04:52:04.638Z] [App] [API/Analyze] source=outlook, useMock=false, session=true
[2026-02-18T04:52:04.638Z] [App] [API/Analyze] Fetching real data for outlook...
[2026-02-18T04:52:04.638Z] [App] Google Calendar fetching is disabled. Using Local Outlook (ID 432) only.
[2026-02-18T04:52:06.346Z] [App] [AI] Using Ollama model: 'gemma2:2b' at http://127.0.0.1:11434
[2026-02-18T04:52:09.113Z] [App] [AI] Briefing Raw: Good morning!  Today's focus is on the UFC team's brainstorming session for a new name and Rishi Bhasin's request for a demo of the CPP Knowledge base. We also need to address Ganesh Bharadwaj's deprecation notice regarding CreateCrawler service for Andes Registry dataset creation, as well as Shiva Sivasubramanian's follow-up on the CR review assistant tool.  Let's prioritize action and ensure we stay ahead of potential roadblocks.

**Top Priorities:**

- **Start:** Schedule a meeting with Rishi Bhasin to discuss the new name for the UFC team and gather feedback on his proposal.
- **Decide:** Determine the best approach for presenting the CPP Knowledge base demo at ASCS forum, considering Shiva Sivasubramanian's suggestion. 
- **Follow up:**  Contact Ganesh Bharadwaj to understand the impact of the CreateCrawler service deprecation and discuss potential solutions for Andes Registry dataset creation. 


Let me know if you need any further assistance or have any questions!
[2026-02-18T04:52:09.119Z] [App] GET /api/analyze?source=outlook 200 in 4.5s (compile: 2ms, proxy.ts: 8ms, render: 4.5s)
[2026-02-18T04:54:15.042Z] [App] GET /api/auth/session 200 in 19ms (compile: 5ms, proxy.ts: 7ms, render: 6ms)
[2026-02-18T04:54:15.072Z] [App] GET /api/auth/session 200 in 27ms (compile: 13ms, proxy.ts: 9ms, render: 5ms)
[2026-02-18T05:00:00.021Z] [Agent] [2026-02-18T05:00:00.019Z] Starting Background Sync...
Last Sync: 2026-02-18T04:11:28.795Z
[2026-02-18T05:00:34.917Z] [Agent] [2026-02-18T05:00:34.916Z] Fetched 50 raw items. Found 0 NEW emails.
[2026-02-18T05:00:34.917Z] [Agent] [2026-02-18T05:00:34.917Z] No new emails.
[2026-02-18T05:15:00.013Z] [Agent] [2026-02-18T05:15:00.012Z] Starting Background Sync...
[2026-02-18T05:15:00.013Z] [Agent] Last Sync: 2026-02-18T04:11:28.795Z
[2026-02-18T05:15:35.287Z] [Agent] [2026-02-18T05:15:35.286Z] Fetched 50 raw items. Found 0 NEW emails.
[2026-02-18T05:15:35.286Z] No new emails.
[2026-02-18T05:26:25.013Z] [App] ✓ Compiled in 8ms
[2026-02-18T05:26:25.219Z] [App] [API] Fetching Outlook emails (via JXA Service)...
[2026-02-18T05:26:26.378Z] [App] GET /api/outlook-local 200 in 1372ms (compile: 4ms, proxy.ts: 203ms, render: 1164ms)
[2026-02-18T05:26:26.392Z] [App] [API/Calendar] useMock=false, source=outlook (enforced)
[2026-02-18T05:26:26.392Z] [App] [API/Calendar] Fetching Outlook local events (ID 432)...
[2026-02-18T05:26:26.413Z] [App] GET /api/agent-status 200 in 10ms (compile: 2ms, proxy.ts: 4ms, render: 4ms)
[2026-02-18T05:26:26.422Z] [App] GET /api/agent-status 200 in 8ms (compile: 1733µs, proxy.ts: 4ms, render: 1799µs)
[2026-02-18T05:26:35.606Z] [App] Outlook Calendar Raw Output: 70540|||Placeholder Invite - RISC Snowball workshop - BLR - Day 2 (18th Feb)|||2026-02-17T21:30:00|||2026-02-18T05:00:00|||https://amazon.zoom.us/j/92083676896?pwd=a1nxPU8RMlsTxxKceAKUMuR5GgKl1b.1&from=addon; ,BLR 22 05.413, BLR 22 05.414|||
70543|||Artemis Self-Healing: Fallback Phase UX Proposal|||2026-02-19T10:30:00|||2026-02-19T11:00:00||||||
70495|||CPP LT Offsite Takeaways|||2026-02-17T15:05:00|||2026-02-17T15:30:00|||CONF US SEA Rufus 03.100 Restricted AV/VC (14) - CONF US SJC10 05.563 Artemis AV/VC (12) - Zoom; https://amazon.zoom.us/j/96494421299?pwd=t3fhqKaxZyMaEQcge5rZcgbfv6cJ3V.1&from=addon|||
70534|||PRISM CPP Internal Sync|||2026-02-17T14:00:00|||2026-02-17T14:30:00||||||
70509|||Custom classifiers weekly goal sync up|||2026-02-17T14:00:00|||2026-02-17T14:30:00|||CONF US SEA Rufus 03.107 AV/VC (10)|||
70548|||Weekly Sync - Drift Detection|||2026-02-18T12:30:00|||2026-02-18T13:00:00|||https://amazon.zoom.us/j/91529403104?pwd=FhIY4hNSaAumlDwtGuqKuWS0395s8y.1&from=addon|||
70533|||Artemis TP Coverage Roadmap Closure Workshop|||2026-02-17T12:00:00|||2026-02-17T14:00:00|||https://amazon.zoom.us/j/97262419416?pwd=QRs5AaGmS2aNmDa8DfUV31ymufJuYQ.1|||
70547|||EE - Sync up on Steel thread |||2026-02-17T12:30:00|||2026-02-17T13:00:00|||CONF US SEA Rufus 03.104 AV/VC (10)|||
70545|||AMS Rearchitecture Plan review|||2026-02-18T15:00:00|||2026-02-18T16:00:00|||https://amazon.zoom.us/j/92185163838?pwd=KauB8y7uxS2iCbEbMFwNS7hDvi1HbQ.1|||
70511|||1:1 Sankalp - Bahadir (Weekly)|||2026-02-17T11:35:00|||2026-02-17T12:00:00|||Bahadir's Office or Zoom; https://amazon.zoom.us/j/94294567398?pwd=RCb7nEqOosjyjAsWmGWtr3TQKWk1qn.1&from=addon|||
70546|||AMS Oncall handoff|||2026-02-17T10:30:00|||2026-02-17T11:00:00|||CONF US SJC10 05.571 Galileo Vendor Access AV/VC (24); https://amazon.zoom.us/j/95138110558?pwd=gvIPRdA5RsnB2rTGVkS4MjBLuwjFDN.1&from=addon|||
70480|||ASCS MBR: CSO|||2026-02-17T09:05:00|||2026-02-17T10:00:00|||Rufus 03.102 -- Zoom|||
70541|||Placeholder Invite - RISC Snowball workshop - BLR - Day 3 (19th Feb)|||2026-02-18T21:30:00|||2026-02-19T03:00:00|||https://amazon.zoom.us/j/99849738227?pwd=JIm4K3BsbqJxbNxcZYbSWN6aVk7bFC.1&from=addon; ,BLR 22 05.413, BLR 22 05.414|||
70523|||[Reading] eCF Q4 2025 QBR: ASCS|||2026-02-19T08:00:00|||2026-02-19T08:30:00|||Nessie 06.400 + Zoom|||
70524|||[Discussion] eCF Q4 2025 QBR: ASCS|||2026-02-19T08:30:00|||2026-02-19T09:30:00|||Nessie 06.400 + Zoom; https://amazon.zoom.us/j/91315747970?pwd=Yo24Kmf2a2NiScVv32LbI3X08gitwO.1&from=addon|||
70467|||linld@ OOTO 2/19 - 3/19|||2026-02-18T16:00:00|||2026-03-19T17:00:00||||||
[2026-02-18T05:26:35.607Z] [App] [API/Calendar] Found 16 real events
[2026-02-18T05:26:35.607Z] [App] [AI] Searching RAG for meeting: "Placeholder Invite - RISC Snowball workshop - BLR - Day 2 (18th Feb)"
[2026-02-18T05:26:36.029Z] [App] [AI] Using Ollama model: 'gemma2:2b' at http://127.0.0.1:11434
[2026-02-18T05:26:40.485Z] [App] [AI] Meeting Brief Raw: {
    "context": "This meeting is for the RISC Snowball workshop in BLR, taking place on February 18th. The email history shows a series of invitations and updates related to this event.",
    "questions": ["What are the key objectives of the workshop? ", "Has there been any progress on defining the agenda or expected outcomes?", "Are we ready to discuss potential challenges or roadblocks for the workshop?"] 
}
[2026-02-18T05:26:40.486Z] [App] [AI] Searching RAG for meeting: "Artemis Self-Healing: Fallback Phase UX Proposal"
[2026-02-18T05:26:40.502Z] [App] [AI] Using Ollama model: 'gemma2:2b' at http://127.0.0.1:11434
[2026-02-18T05:26:44.346Z] [App] [AI] Meeting Brief Raw: {
    "context": "The meeting is to discuss the Artemis Self-Healing: Fallback Phase UX Proposal.  A previous discussion about the Steel thread roadmap and its implications for Artemis EE has been scheduled, with attendees including all relevant teams.",
    "questions": [
        "What are the key takeaways from the recent discussions on the Artemis EE roadmap?", 
        "Has there been any progress on addressing the additional listing requirements post-ASIN launch?",
        "What is the proposed timeline for implementing the Fallback Phase UX?"
    ]
}
[2026-02-18T05:26:44.347Z] [App] [AI] Searching RAG for meeting: "CPP LT Offsite Takeaways"
[2026-02-18T05:26:44.364Z] [App] [AI] Using Ollama model: 'gemma2:2b' at http://127.0.0.1:11434
[2026-02-18T05:26:48.840Z] [App] [AI] Meeting Brief Raw: {
    "context": "The CPP LT Offsite is scheduled for February 17th, 2026.  Emails indicate that a follow-up meeting regarding the Steel thread and potential scheduling conflicts are needed. We should also consider the upcoming demo session on CPP Knowledge base.",
    "questions": [
        "What specific topics from the Steel thread discussion need to be addressed in the meeting?",
        "Has Nisha Ganwani's OOO status been confirmed? If not, what is the best way to reschedule the meeting if necessary?", 
        "Should we send out a reminder email about the CPP Knowledge base demo session?"
    ]
}
[2026-02-18T05:26:48.840Z] [App] [AI] Searching RAG for meeting: "PRISM CPP Internal Sync"
[2026-02-18T05:26:48.854Z] [App] [AI] Using Ollama model: 'gemma2:2b' at http://127.0.0.1:11434
[2026-02-18T05:26:52.930Z] [App] [AI] Meeting Brief Raw: {
    "context": "The PRISM CPP Internal Sync meeting is scheduled for February 17th, 2026 at 2:00 PM.  Last communication was from Ganesh Panaskar regarding the Steel thread sync and Nisha Ganwani's absence on Monday, Feb 23rd.",
    "questions": ["What is the current status of the Steel thread sync? Has there been any progress since Ganesh's email?", "Has anyone confirmed Nisha's availability for the meeting?", "Are we ready to discuss Sankalp's request and potential next steps?"]
}
[2026-02-18T05:26:52.931Z] [App] [AI] Searching RAG for meeting: "Custom classifiers weekly goal sync up"
[2026-02-18T05:26:52.946Z] [App] [AI] Using Ollama model: 'gemma2:2b' at http://127.0.0.1:11434
[2026-02-18T05:26:57.682Z] [App] [AI] Meeting Brief Raw: {
    "context": "The meeting to sync up on custom classifier weekly goals has been canceled, but a scoping discussion is taking place.  There's an urgent need to finalize the new team name for the UFC (Feature Catalog, Khoj, backfill classification, DNE, Pandora, SOPtimize) and discuss progress on the S-Team goal of reducing additional listing requirements post-ASIN launch.",
    "questions": ["What is the status of the scoping discussion and what are the key takeaways?","What is the proposed new team name for the UFC?","What specific actions have been taken to address the S-Team goal of decreasing additional listing requirements post-ASIN launch?"] 
}
[2026-02-18T05:26:57.683Z] [App] [AI] Searching RAG for meeting: "Weekly Sync - Drift Detection"
[2026-02-18T05:26:57.704Z] [App] [AI] Using Ollama model: 'gemma2:2b' at http://127.0.0.1:11434
[2026-02-18T05:27:00.999Z] [App] [AI] Meeting Brief Raw: {
    "context": "The meeting is to discuss drift detection for Steel thread.  There's a conflict with the Artemis EE roadmap discussion meeting scheduled during this time, and we need to ensure everyone is aligned on the priorities.",
    "questions": ["What are the key metrics for drift detection in Steel thread? ", "Has there been any progress on addressing the identified drifts?", "Should we prioritize fixing critical issues before discussing further strategies?"] 
}
[2026-02-18T05:27:00.999Z] [App] [AI] Searching RAG for meeting: "Artemis TP Coverage Roadmap Closure Workshop"
[2026-02-18T05:27:01.012Z] [App] [AI] Using Ollama model: 'gemma2:2b' at http://127.0.0.1:11434
[2026-02-18T05:27:05.106Z] [App] [AI] Meeting Brief Raw: {
    "context": "The Artemis TP Coverage Roadmap is currently in a state of closure, with Nisha Ganwani's OOO notice indicating potential delays.  Last week saw discussions regarding the Steel thread synchronization and requests for time from Sankalp Verma. ",
    "questions": [
        "What are the key milestones for the Artemis TP Coverage Roadmap closure?",
        "Has there been any update on the Steel thread synchronization? What is the current status?",
        "Is there a clear understanding of Sankalp's request and what action needs to be taken?" 
    ]
}
[2026-02-18T05:27:05.106Z] [App] [AI] Searching RAG for meeting: "EE - Sync up on Steel thread "
[2026-02-18T05:27:05.120Z] [App] [AI] Using Ollama model: 'gemma2:2b' at http://127.0.0.1:11434
[2026-02-18T05:27:08.410Z] [App] [AI] Meeting Brief Raw: {
    "context": "This meeting is to discuss the Steel thread roadmap.  There was a scheduling conflict with the Artemis EE roadmap discussion, and Ganesh has canceled. The team needs to finalize their attendance and confirm if they can attend this meeting.",
    "questions": ["What is the status of the Steel thread roadmap? What are the key milestones?", "Has there been any progress on addressing the additional listing requirements post-ASIN launch?"  ] 
}
[2026-02-18T05:27:08.411Z] [App] [AI] Searching RAG for meeting: "AMS Rearchitecture Plan review"
[2026-02-18T05:27:08.424Z] [App] [AI] Using Ollama model: 'gemma2:2b' at http://127.0.0.1:11434
[2026-02-18T05:27:12.365Z] [App] [AI] Meeting Brief Raw: {
    "context": "The meeting is to review the AMS Rearchitecture Plan, scheduled for February 18th at 3 PM.  Rishi Bhasin has been working on preparing a demo session for the CPP Knowledge base and there are several follow-up questions regarding the Artemis Self-Healing proposal.",
    "questions": ["What specific aspects of the AMS Rearchitecture Plan are we reviewing?", "Has Rishi Bhasin completed the demo session preparation? What is the status of the demo and when can it be shared with attendees?"] 
}
[2026-02-18T05:27:12.365Z] [App] [AI] Searching RAG for meeting: "1:1 Sankalp - Bahadir (Weekly)"
[2026-02-18T05:27:12.381Z] [App] [AI] Using Ollama model: 'gemma2:2b' at http://127.0.0.1:11434
[2026-02-18T05:27:16.205Z] [App] [AI] Meeting Brief Raw: {
    "context": "Sankalp, you are scheduled for a one-on-one meeting with Bahadir to discuss progress on various projects.  The emails indicate that there's an ongoing discussion about the S-Team goal and additional listing requirements post-ASIN launch.",
    "questions": ["What is the current status of the Artemis EE roadmap discussion? ", "Has any progress been made towards reducing the percentage of additional listing requirements detected post-ASIN launch?", "What are the key takeaways from the meeting with Bahadir?"] 
}
[2026-02-18T05:27:16.206Z] [App] [AI] Searching RAG for meeting: "AMS Oncall handoff"
[2026-02-18T05:27:16.219Z] [App] [AI] Using Ollama model: 'gemma2:2b' at http://127.0.0.1:11434
[2026-02-18T05:27:20.277Z] [App] [AI] Meeting Brief Raw: {
    "context": "The meeting is for an AMS Oncall handoff. There's no clear indication of what happened in previous meetings, but there are emails related to events like Sankalp's request and the Watch Party program.  It's unclear if this meeting is a follow-up or a stand-alone discussion.",
    "questions": ["What were the key takeaways from the last AMS Oncall handoff? ", "Has there been any progress on Sankalp's request for time? ", "Are there any updates on the Watch Party program? "] 
}
[2026-02-18T05:27:20.277Z] [App] [AI] Searching RAG for meeting: "ASCS MBR: CSO"
[2026-02-18T05:27:20.292Z] [App] [AI] Using Ollama model: 'gemma2:2b' at http://127.0.0.1:11434
[2026-02-18T05:27:23.402Z] [App] [AI] Meeting Brief Raw: {
    "context": "The meeting is scheduled for February 17th, 2026 at 9:05 AM to discuss the Steel thread.  There seems to be a conflict regarding scheduling and potential roadmaps.",
    "questions": ["What time slot works best for everyone?","Is there an updated roadmap for Artemis EE that we can review?", "Who is responsible for coordinating the meeting agenda?"] 
}
[2026-02-18T05:27:23.402Z] [App] [AI] Searching RAG for meeting: "Placeholder Invite - RISC Snowball workshop - BLR - Day 3 (19th Feb)"
[2026-02-18T05:27:23.418Z] [App] [AI] Using Ollama model: 'gemma2:2b' at http://127.0.0.1:11434
[2026-02-18T05:27:26.528Z] [App] [AI] Meeting Brief Raw: {
    "context": "This meeting is for the RISC Snowball workshop in BLR, scheduled for February 19th.  The email chain indicates attendees are being invited and there's a focus on productivity improvements. ",
    "questions": [
        "What specific topics will be covered during the workshop?",
        "Has a clear agenda been finalized for the meeting?"
        ]
}
[2026-02-18T05:27:26.529Z] [App] [AI] Searching RAG for meeting: "[Reading] eCF Q4 2025 QBR: ASCS"
[2026-02-18T05:27:26.544Z] [App] [AI] Using Ollama model: 'gemma2:2b' at http://127.0.0.1:11434
[2026-02-18T05:27:31.388Z] [App] [AI] Meeting Brief Raw: {
    "context": "The meeting is to discuss the eCF Q4 2025 Quarterly Business Review for ASCS.  Nisha Ganwani is out of office on February 23rd, and there's a need to sync up with Ganesh Panaskar regarding the Steel thread project.  Ganga Muthyala has provided an update on S-Team goal progress.",
    "questions": ["What are the key takeaways from the Q4 2025 eCF performance report for ASCS? ", "Has there been any significant change in the Steel thread project timeline or scope? ", "Is there a clear understanding of the current status and potential roadblocks regarding the S-Team goal?"]
}
[2026-02-18T05:27:31.389Z] [App] [AI] Searching RAG for meeting: "[Discussion] eCF Q4 2025 QBR: ASCS"
[2026-02-18T05:27:31.419Z] [App] [AI] Using Ollama model: 'gemma2:2b' at http://127.0.0.1:11434
[2026-02-18T05:27:36.000Z] [App] [AI] Meeting Brief Raw: {
    "context": "This meeting is to discuss the eCF Q4 2025 Quarterly Business Review (QBR) for ASCS.  Nisha Ganwani's email indicates she will be out of office on February 23rd, and Ganesh Panaskar has requested a sync-up regarding the Steel thread.",
    "questions": ["What are the key takeaways from the Q4 2025 eCF QBR for ASCS? ", "Has there been any progress on reducing additional listing requirements post ASIN launch?", "Are there any updates on the S-Team goal of decreasing the percentage of additional listing requirements detected post-ASIN launch?"]
}
[2026-02-18T05:27:36.001Z] [App] [AI] Searching RAG for meeting: "linld@ OOTO 2/19 - 3/19"
[2026-02-18T05:27:36.017Z] [App] [AI] Using Ollama model: 'gemma2:2b' at http://127.0.0.1:11434
[2026-02-18T05:27:39.476Z] [App] [AI] Meeting Brief Raw: {
    "context": "This meeting is to discuss the upcoming 'linld@ OOTO' project, focusing on updates and potential next steps.  The last email from Ganesh indicates a need for team sync-up regarding Steel thread.",
    "questions": ["What are the key updates regarding the Steel thread project? ", "Has there been any progress on the January Catalog Pipeline monthly game day? ", "Who will be attending the meeting, and what is their role in the project?"] 
}
[2026-02-18T05:27:39.483Z] [App] GET /api/calendar 200 in 73s (compile: 3ms, proxy.ts: 5ms, render: 73s)
[2026-02-18T05:27:39.507Z] [App] [AI] Using Ollama model: 'gemma2:2b' at http://127.0.0.1:11434
[2026-02-18T05:27:39.516Z] [App] [API/Analyze] source=outlook, useMock=false, session=true
[2026-02-18T05:27:39.516Z] [App] [API/Analyze] Fetching real data for outlook...
[2026-02-18T05:27:39.517Z] [App] Google Calendar fetching is disabled. Using Local Outlook (ID 432) only.
[2026-02-18T05:27:41.612Z] [App] [AI] Using Ollama model: 'gemma2:2b' at http://127.0.0.1:11434
[2026-02-18T05:27:46.910Z] [App] GET /api/slack 200 in 7.4s (compile: 3ms, proxy.ts: 16ms, render: 7.4s)
[2026-02-18T05:27:49.546Z] [App] [AI] Briefing Raw: Good morning! Today's focus is on the UFC team's brainstorming session regarding a new name for their 2P team and Rishi Bhasin's follow-up on the CPP Knowledge base demo.  There are also several important discussions related to the CreateCrawler service deprecation for Andes Registry dataset creation, and potential demos of the CR review assistant tool in ASCS forum. We need to prioritize these items to ensure we stay ahead of deadlines and maximize our impact. 

**Top Priorities:**

- **Start:** Schedule a meeting with Rishi Bhasin to discuss the new team name and brainstorm ideas for a compelling brand identity.
- **Decide:**  Determine if the demo session for the CPP Knowledge base should be presented at ASCS forum, considering Shiva's request. 
- **Follow up:** Contact Ganesh Bharadwaj regarding the CreateCrawler service deprecation for Andes Registry dataset creation to understand the potential impact on DSO automation and explore alternative solutions. 


Let me know if you need any further assistance or have additional questions!
[2026-02-18T05:27:49.548Z] [App] GET /api/analyze?source=outlook 200 in 10.1s (compile: 8ms, proxy.ts: 16ms, render: 10.0s)
[2026-02-18T05:27:49.579Z] [App] [AI] Using Ollama model: 'gemma2:2b' at http://127.0.0.1:11434
[2026-02-18T05:27:57.878Z] [App] GET /api/slack 200 in 8.3s (compile: 2ms, proxy.ts: 8ms, render: 8.3s)
[2026-02-18T05:27:57.894Z] [App] [API/Analyze] source=outlook, useMock=false, session=true
[2026-02-18T05:27:57.894Z] [App] [API/Analyze] Fetching real data for outlook...
[2026-02-18T05:27:57.895Z] [App] Google Calendar fetching is disabled. Using Local Outlook (ID 432) only.
[2026-02-18T05:27:59.402Z] [App] [AI] Using Ollama model: 'gemma2:2b' at http://127.0.0.1:11434
[2026-02-18T05:28:02.421Z] [App] [AI] Briefing Raw: Good morning!  Today's focus is on the UFC team's brainstorming session for a new name and the potential impact of BDT's External Tables (Hive in Glue) GA. Rishi Bhasin has initiated discussions about a new name for the 2p team, with an ETA for the new name. We also need to address the upcoming demo session for the CPP Knowledge base and ensure we have clear answers for Shiva on the CR review assistant tool.  Additionally, Ganesh Bharadwaj's message regarding the deprecation of CreateCrawler service in Andes Registry dataset creation is a potential blocker that needs immediate attention. 

**Top Priorities:**

- **Start:** Schedule a meeting with Rishi Bhasin to discuss the new name for the UFC team and its implications.
- **Decide:**  Determine the best approach for addressing the demo session for the CPP Knowledge base, considering Shiva's questions about the CR review assistant tool. 
- **Follow up:** Contact Ganesh Bharadwaj to understand the scope of the CreateCrawler service deprecation in Andes Registry dataset creation and its potential impact on DSO automation.  


Let me know if you need any further assistance!
[2026-02-18T05:28:02.424Z] [App] GET /api/analyze?source=outlook 200 in 4.5s (compile: 2ms, proxy.ts: 5ms, render: 4.5s)
[2026-02-18T05:30:00.012Z] [Agent] [2026-02-18T05:30:00.012Z] Starting Background Sync...
Last Sync: 2026-02-18T04:11:28.795Z
[2026-02-18T05:30:27.505Z] [Agent] [2026-02-18T05:30:27.505Z] Fetched 50 raw items. Found 0 NEW emails.
[2026-02-18T05:30:27.506Z] [Agent] [2026-02-18T05:30:27.505Z] No new emails.
[2026-02-18T05:45:00.010Z] [Agent] [2026-02-18T05:45:00.010Z] Starting Background Sync...
[2026-02-18T05:45:00.010Z] [Agent] Last Sync: 2026-02-18T04:11:28.795Z
[2026-02-18T05:45:41.305Z] [Agent] [2026-02-18T05:45:41.305Z] Fetched 50 raw items. Found 1 NEW emails.
[2026-02-18T05:45:41.305Z] [Agent] [2026-02-18T05:45:41.305Z] Ingesting 1 emails into Vector Store...
[2026-02-18T05:45:42.244Z] [Agent] Ingested: FW: MANAGER ACTION REQUIRED: Manager Activities for Yamilett Estrada-Reyes
[2026-02-18T05:58:31.213Z] [App] GET /api/auth/session 200 in 24ms (compile: 11ms, proxy.ts: 5ms, render: 8ms)
[2026-02-18T05:58:31.227Z] [App] GET /api/auth/session 200 in 10ms (compile: 2ms, proxy.ts: 4ms, render: 4ms)
[2026-02-18T06:00:00.007Z] [Agent] [2026-02-18T06:00:00.007Z] Starting Background Sync...
Last Sync: 2026-02-18T05:45:42.244Z
[2026-02-18T06:00:41.403Z] [Agent] [2026-02-18T06:00:41.403Z] Fetched 50 raw items. Found 1 NEW emails.
[2026-02-18T06:00:41.403Z] Ingesting 1 emails into Vector Store...
[2026-02-18T06:00:41.964Z] [Agent] Ingested: [EXTERNAL] You have an invitation
[2026-02-18T06:15:00.010Z] [Agent] [2026-02-18T06:15:00.010Z] Starting Background Sync...
[2026-02-18T06:15:00.011Z] [Agent] Last Sync: 2026-02-18T06:00:41.964Z
[2026-02-18T06:15:35.164Z] [Agent] [2026-02-18T06:15:35.164Z] Fetched 50 raw items. Found 0 NEW emails.
[2026-02-18T06:15:35.164Z] [Agent] [2026-02-18T06:15:35.164Z] No new emails.
[2026-02-18T06:30:00.008Z] [Agent] [2026-02-18T06:30:00.008Z] Starting Background Sync...
Last Sync: 2026-02-18T06:00:41.964Z
[2026-02-18T06:30:42.557Z] [Agent] [2026-02-18T06:30:42.557Z] Fetched 50 raw items. Found 0 NEW emails.
[2026-02-18T06:30:42.557Z] [Agent] [2026-02-18T06:30:42.557Z] No new emails.
[2026-02-18T06:31:08.242Z] [App] ✓ Compiled in 7ms
[2026-02-18T06:45:00.012Z] [Agent] [2026-02-18T06:45:00.012Z] Starting Background Sync...
[2026-02-18T06:45:00.012Z] [Agent] Last Sync: 2026-02-18T06:00:41.964Z
[2026-02-18T06:45:23.596Z] [Agent] [2026-02-18T06:45:23.596Z] Fetched 50 raw items. Found 1 NEW emails.
[2026-02-18T06:45:23.596Z] [Agent] [2026-02-18T06:45:23.596Z] Ingesting 1 emails into Vector Store...
[2026-02-18T06:45:24.123Z] [Agent] Ingested: Re: CPP Knowledge base: Demo session
[2026-02-18T06:49:27.604Z] [App] GET /api/auth/session 200 in 287ms (compile: 9ms, proxy.ts: 204ms, render: 74ms)
[2026-02-18T06:49:27.617Z] [App] GET /api/auth/session 200 in 9ms (compile: 1912µs, proxy.ts: 3ms, render: 4ms)
[2026-02-18T07:00:00.007Z] [Agent] [2026-02-18T07:00:00.007Z] Starting Background Sync...
[2026-02-18T07:00:00.007Z] [Agent] Last Sync: 2026-02-18T06:45:24.123Z
[2026-02-18T07:00:24.309Z] [Agent] [2026-02-18T07:00:24.309Z] Fetched 50 raw items. Found 2 NEW emails.
[2026-02-18T07:00:24.310Z] [Agent] [2026-02-18T07:00:24.309Z] Ingesting 2 emails into Vector Store...
[2026-02-18T07:00:24.744Z] [Agent] Ingested: Accepted: Goal Prioritization
[2026-02-18T07:00:24.769Z] [Agent] Ingested: Accepted: Goal Prioritization
[2026-02-18T07:15:00.012Z] [Agent] [2026-02-18T07:15:00.011Z] Starting Background Sync...
[2026-02-18T07:15:00.012Z] [Agent] Last Sync: 2026-02-18T07:00:24.769Z
[2026-02-18T07:15:36.939Z] [Agent] [2026-02-18T07:15:36.938Z] Fetched 50 raw items. Found 0 NEW emails.
[2026-02-18T07:15:36.939Z] [Agent] [2026-02-18T07:15:36.939Z] No new emails.
[2026-02-18T07:19:10.739Z] [App] GET /api/auth/session 200 in 24ms (compile: 7ms, proxy.ts: 8ms, render: 8ms)
[2026-02-18T07:19:10.752Z] [App] GET /api/auth/session 200 in 8ms (compile: 1624µs, proxy.ts: 3ms, render: 3ms)
[2026-02-18T07:22:35.735Z] [App] GET /api/auth/session 200 in 22ms (compile: 6ms, proxy.ts: 8ms, render: 8ms)
[2026-02-18T07:22:35.747Z] [App] GET /api/auth/session 200 in 8ms (compile: 1487µs, proxy.ts: 4ms, render: 3ms)
[2026-02-18T07:22:47.803Z] [App] [AI] Generating draft for: "[FLASH] UFC team (week 6 and 7)" with RAG context.
[2026-02-18T07:22:47.806Z] [App] [AI] Using Ollama model: 'gemma2:2b' at http://127.0.0.1:11434
[2026-02-18T07:22:51.224Z] [App] POST /api/draft 200 in 4.2s (compile: 84ms, proxy.ts: 9ms, render: 4.1s)
[2026-02-18T08:00:28.661Z] [Agent Error] [2026-02-18T08:00:28.659Z] [PID: 23402] [32m[NODE-CRON][32m [33m[WARN][0m missed execution at Tue Feb 17 2026 23:30:00 GMT-0800 (Pacific Standard Time)! Possible blocking IO or high CPU user at the same process used by node-cron.
[2026-02-18T08:00:28.678Z] [Agent Error] [2026-02-18T08:00:28.675Z] [PID: 23402] [32m[NODE-CRON][32m [33m[WARN][0m missed execution at Tue Feb 17 2026 23:45:00 GMT-0800 (Pacific Standard Time)! Possible blocking IO or high CPU user at the same process used by node-cron.
[2026-02-18T08:00:28.692Z] [Agent Error] [2026-02-18T08:00:28.692Z] [PID: 23402] [32m[NODE-CRON][32m [33m[WARN][0m missed execution at Wed Feb 18 2026 00:00:00 GMT-0800 (Pacific Standard Time)! Possible blocking IO or high CPU user at the same process used by node-cron.
[2026-02-18T16:33:08.913Z] [Agent Error] [2026-02-18T16:33:08.913Z] [PID: 23402] [32m[NODE-CRON][32m [33m[WARN][0m missed execution at Wed Feb 18 2026 00:15:00 GMT-0800 (Pacific Standard Time)! Possible blocking IO or high CPU user at the same process used by node-cron.
[2026-02-18T16:33:08.923Z] [Agent Error] [2026-02-18T16:33:08.923Z] [PID: 23402] [32m[NODE-CRON][32m [33m[WARN][0m missed execution at Wed Feb 18 2026 00:30:00 GMT-0800 (Pacific Standard Time)! Possible blocking IO or high CPU user at the same process used by node-cron.
[2026-02-18T16:33:08.930Z] [Agent Error] [2026-02-18T16:33:08.928Z] [PID: 23402] [32m[NODE-CRON][32m [33m[WARN][0m missed execution at Wed Feb 18 2026 00:45:00 GMT-0800 (Pacific Standard Time)! Possible blocking IO or high CPU user at the same process used by node-cron.
[2026-02-18T16:33:08.943Z] [Agent Error] [2026-02-18T16:33:08.943Z] [PID: 23402] [32m[NODE-CRON][32m [33m[WARN][0m missed execution at Wed Feb 18 2026 01:00:00 GMT-0800 (Pacific Standard Time)! Possible blocking IO or high CPU user at the same process used by node-cron.
[2026-02-18T16:33:08.951Z] [Agent Error] [2026-02-18T16:33:08.951Z] [PID: 23402] [32m[NODE-CRON][32m [33m[WARN][0m missed execution at Wed Feb 18 2026 01:15:00 GMT-0800 (Pacific Standard Time)! Possible blocking IO or high CPU user at the same process used by node-cron.
[2026-02-18T16:33:08.970Z] [Agent Error] [2026-02-18T16:33:08.965Z] [PID: 23402] [32m[NODE-CRON][32m [33m[WARN][0m missed execution at Wed Feb 18 2026 01:30:00 GMT-0800 (Pacific Standard Time)! Possible blocking IO or high CPU user at the same process used by node-cron.
[2026-02-18T16:33:08.985Z] [Agent Error] [2026-02-18T16:33:08.985Z] [PID: 23402] [32m[NODE-CRON][32m [33m[WARN][0m missed execution at Wed Feb 18 2026 01:45:00 GMT-0800 (Pacific Standard Time)! Possible blocking IO or high CPU user at the same process used by node-cron.
[2026-02-18T16:33:08.992Z] [Agent Error] [2026-02-18T16:33:08.992Z] [PID: 23402] [32m[NODE-CRON][32m [33m[WARN][0m missed execution at Wed Feb 18 2026 02:00:00 GMT-0800 (Pacific Standard Time)! Possible blocking IO or high CPU user at the same process used by node-cron.
[2026-02-18T16:33:08.999Z] [Agent Error] [2026-02-18T16:33:08.999Z] [PID: 23402] [32m[NODE-CRON][32m [33m[WARN][0m missed execution at Wed Feb 18 2026 02:15:00 GMT-0800 (Pacific Standard Time)! Possible blocking IO or high CPU user at the same process used by node-cron.
[2026-02-18T16:33:09.022Z] [Agent Error] [2026-02-18T16:33:09.011Z] [PID: 23402] [32m[NODE-CRON][32m [33m[WARN][0m missed execution at Wed Feb 18 2026 02:30:00 GMT-0800 (Pacific Standard Time)! Possible blocking IO or high CPU user at the same process used by node-cron.
[2026-02-18T16:33:09.064Z] [Agent Error] [2026-02-18T16:33:09.059Z] [PID: 23402] [32m[NODE-CRON][32m [33m[WARN][0m missed execution at Wed Feb 18 2026 02:45:00 GMT-0800 (Pacific Standard Time)! Possible blocking IO or high CPU user at the same process used by node-cron.
[2026-02-18T16:33:09.179Z] [Agent Error] [2026-02-18T16:33:09.132Z] [PID: 23402] [32m[NODE-CRON][32m [33m[WARN][0m missed execution at Wed Feb 18 2026 03:00:00 GMT-0800 (Pacific Standard Time)! Possible blocking IO or high CPU user at the same process used by node-cron.
[2026-02-18T16:33:09.201Z] [Agent Error] [2026-02-18T16:33:09.199Z] [PID: 23402] [32m[NODE-CRON][32m [33m[WARN][0m missed execution at Wed Feb 18 2026 03:15:00 GMT-0800 (Pacific Standard Time)! Possible blocking IO or high CPU user at the same process used by node-cron.
[2026-02-18T16:33:09.234Z] [Agent Error] [2026-02-18T16:33:09.233Z] [PID: 23402] [32m[NODE-CRON][32m [33m[WARN][0m missed execution at Wed Feb 18 2026 03:30:00 GMT-0800 (Pacific Standard Time)! Possible blocking IO or high CPU user at the same process used by node-cron.
[2026-02-18T16:33:09.250Z] [Agent Error] [2026-02-18T16:33:09.249Z] [PID: 23402] [32m[NODE-CRON][32m [33m[WARN][0m missed execution at Wed Feb 18 2026 03:45:00 GMT-0800 (Pacific Standard Time)! Possible blocking IO or high CPU user at the same process used by node-cron.
[2026-02-18T16:33:09.282Z] [Agent Error] [2026-02-18T16:33:09.281Z] [PID: 23402] [32m[NODE-CRON][32m [33m[WARN][0m missed execution at Wed Feb 18 2026 04:00:00 GMT-0800 (Pacific Standard Time)! Possible blocking IO or high CPU user at the same process used by node-cron.
[2026-02-18T16:33:09.301Z] [Agent Error] [2026-02-18T16:33:09.300Z] [PID: 23402] [32m[NODE-CRON][32m [33m[WARN][0m missed execution at Wed Feb 18 2026 04:15:00 GMT-0800 (Pacific Standard Time)! Possible blocking IO or high CPU user at the same process used by node-cron.
[2026-02-18T16:33:09.320Z] [Agent Error] [2026-02-18T16:33:09.320Z] [PID: 23402] [32m[NODE-CRON][32m [33m[WARN][0m missed execution at Wed Feb 18 2026 04:30:00 GMT-0800 (Pacific Standard Time)! Possible blocking IO or high CPU user at the same process used by node-cron.
[2026-02-18T16:33:09.322Z] [Agent Error] [2026-02-18T16:33:09.322Z] [PID: 23402] [32m[NODE-CRON][32m [33m[WARN][0m missed execution at Wed Feb 18 2026 04:45:00 GMT-0800 (Pacific Standard Time)! Possible blocking IO or high CPU user at the same process used by node-cron.
[2026-02-18T16:33:09.324Z] [Agent Error] [2026-02-18T16:33:09.324Z] [PID: 23402] [32m[NODE-CRON][32m [33m[WARN][0m missed execution at Wed Feb 18 2026 05:00:00 GMT-0800 (Pacific Standard Time)! Possible blocking IO or high CPU user at the same process used by node-cron.
[2026-02-18T16:33:09.326Z] [Agent Error] [2026-02-18T16:33:09.326Z] [PID: 23402] [32m[NODE-CRON][32m [33m[WARN][0m missed execution at Wed Feb 18 2026 05:15:00 GMT-0800 (Pacific Standard Time)! Possible blocking IO or high CPU user at the same process used by node-cron.
[2026-02-18T16:33:09.328Z] [Agent Error] [2026-02-18T16:33:09.328Z] [PID: 23402] [32m[NODE-CRON][32m [33m[WARN][0m missed execution at Wed Feb 18 2026 05:30:00 GMT-0800 (Pacific Standard Time)! Possible blocking IO or high CPU user at the same process used by node-cron.
[2026-02-18T16:33:09.334Z] [Agent Error] [2026-02-18T16:33:09.334Z] [PID: 23402] [32m[NODE-CRON][32m [33m[WARN][0m missed execution at Wed Feb 18 2026 05:45:00 GMT-0800 (Pacific Standard Time)! Possible blocking IO or high CPU user at the same process used by node-cron.
[2026-02-18T16:33:09.336Z] [Agent Error] [2026-02-18T16:33:09.336Z] [PID: 23402] [32m[NODE-CRON][32m [33m[WARN][0m missed execution at Wed Feb 18 2026 06:00:00 GMT-0800 (Pacific Standard Time)! Possible blocking IO or high CPU user at the same process used by node-cron.
[2026-02-18T16:33:09.338Z] [Agent Error] [2026-02-18T16:33:09.338Z] [PID: 23402] [32m[NODE-CRON][32m [33m[WARN][0m missed execution at Wed Feb 18 2026 06:15:00 GMT-0800 (Pacific Standard Time)! Possible blocking IO or high CPU user at the same process used by node-cron.
[2026-02-18T16:33:09.340Z] [Agent Error] [2026-02-18T16:33:09.340Z] [PID: 23402] [32m[NODE-CRON][32m [33m[WARN][0m missed execution at Wed Feb 18 2026 06:30:00 GMT-0800 (Pacific Standard Time)! Possible blocking IO or high CPU user at the same process used by node-cron.
[2026-02-18T16:33:09.342Z] [Agent Error] [2026-02-18T16:33:09.341Z] [PID: 23402] [32m[NODE-CRON][32m [33m[WARN][0m missed execution at Wed Feb 18 2026 06:45:00 GMT-0800 (Pacific Standard Time)! Possible blocking IO or high CPU user at the same process used by node-cron.
[2026-02-18T16:33:09.359Z] [Agent Error] [2026-02-18T16:33:09.347Z] [PID: 23402] [32m[NODE-CRON][32m [33m[WARN][0m missed execution at Wed Feb 18 2026 07:00:00 GMT-0800 (Pacific Standard Time)! Possible blocking IO or high CPU user at the same process used by node-cron.
[2026-02-18T16:33:09.349Z] [PID: 23402] [32m[NODE-CRON][32m [33m[WARN][0m missed execution at Wed Feb 18 2026 07:15:00 GMT-0800 (Pacific Standard Time)! Possible blocking IO or high CPU user at the same process used by node-cron.
[2026-02-18T16:33:09.350Z] [PID: 23402] [32m[NODE-CRON][32m [33m[WARN][0m missed execution at Wed Feb 18 2026 07:30:00 GMT-0800 (Pacific Standard Time)! Possible blocking IO or high CPU user at the same process used by node-cron.
[2026-02-18T16:33:09.354Z] [PID: 23402] [32m[NODE-CRON][32m [33m[WARN][0m missed execution at Wed Feb 18 2026 07:45:00 GMT-0800 (Pacific Standard Time)! Possible blocking IO or high CPU user at the same process used by node-cron.
[2026-02-18T16:33:09.414Z] [Agent Error] [2026-02-18T16:33:09.411Z] [PID: 23402] [32m[NODE-CRON][32m [33m[WARN][0m missed execution at Wed Feb 18 2026 08:00:00 GMT-0800 (Pacific Standard Time)! Possible blocking IO or high CPU user at the same process used by node-cron.
[2026-02-18T16:33:09.671Z] [Agent Error] [2026-02-18T16:33:09.649Z] [PID: 23402] [32m[NODE-CRON][32m [33m[WARN][0m missed execution at Wed Feb 18 2026 08:15:00 GMT-0800 (Pacific Standard Time)! Possible blocking IO or high CPU user at the same process used by node-cron.
[2026-02-18T16:33:09.739Z] [Agent Error] [2026-02-18T16:33:09.736Z] [PID: 23402] [32m[NODE-CRON][32m [33m[WARN][0m missed execution at Wed Feb 18 2026 08:30:00 GMT-0800 (Pacific Standard Time)! Possible blocking IO or high CPU user at the same process used by node-cron.
[2026-02-18T17:34:09.375Z] [App] [?25h
[Launcher] Shutting down at 2026-02-18T17:34:55.775Z
[2026-02-18T18:26:37.052Z] [Agent] Starting Local Autonomous Agent Background Service...
[2026-02-18T18:26:37.052Z] [Agent] Schedule: */15 * * * *
[2026-02-18T18:26:37.065Z] [Agent] [2026-02-18T18:26:37.065Z] Starting Background Sync...
[2026-02-18T18:26:37.065Z] [Agent] Last Sync: 2026-02-18T07:00:24.769Z
[2026-02-18T18:26:37.110Z] [App] > smartai@0.1.0 dev
> next dev
[2026-02-18T18:26:37.736Z] [App] ▲ Next.js 16.1.6 (Turbopack)
[2026-02-18T18:26:37.736Z] [App] - Local:         http://localhost:3000
[2026-02-18T18:26:37.736Z] [App] - Network:       http://10.4.44.30:3000
[2026-02-18T18:26:37.737Z] [App] - Environments: .env.local

✓ Starting...
[2026-02-18T18:26:39.105Z] [App] ✓ Ready in 1393ms
[2026-02-18T18:27:08.175Z] [Agent] [2026-02-18T18:27:08.175Z] Fetched 50 raw items. Found 13 NEW emails.
[2026-02-18T18:27:08.176Z] [Agent] [2026-02-18T18:27:08.175Z] Ingesting 13 emails into Vector Store...
[2026-02-18T18:27:08.741Z] [Agent] Ingested: Re: EE - Sync up on Steel thread
[2026-02-18T18:27:08.888Z] [Agent] Ingested: FW: [FLASH] UFC team (week 6 and 7)
[2026-02-18T18:27:08.922Z] [Agent] Ingested: Re: MANAGER ACTION REQUIRED: Manager Activities for Yamilett Estrada-Reyes
[2026-02-18T18:27:08.963Z] [Agent] Ingested: Re: EE - Sync up on Steel thread
[2026-02-18T18:27:08.985Z] [Agent] Ingested: EE - Sync up on Steel thread
[2026-02-18T18:27:09.074Z] [Agent] Ingested: FW: CreateCrawler service deprecation for Andes Registry dataset creation [DSO's with existing automation]
[2026-02-18T18:27:09.135Z] [Agent] Ingested: Re: CPP Knowledge base: Demo session
[2026-02-18T18:27:09.164Z] [Agent] Ingested: ASCS Escalations Metrics Dashboard
[2026-02-18T18:27:09.236Z] [Agent] Ingested: [Exit DUB] Migration Progress | onalan Org
[2026-02-18T18:27:09.257Z] [Agent] Ingested: It's Rishi Bhasin's Amaversary this weekend, on February 15!
[2026-02-18T18:27:09.330Z] [Agent] Ingested: [EXTERNAL] Vidya just messaged you
[2026-02-18T18:27:09.404Z] [Agent] Ingested: Meeting summary: Placeholder Invite | RISC Snowball workshop | BLR - Day 2 (18th Feb)
[2026-02-18T18:27:09.444Z] [Agent] Ingested: Placeholder Invite | RISC Snowball workshop | BLR - Day 3 (19th Feb)
[2026-02-18T18:27:17.259Z] [App] GET / 200 in 461ms (compile: 184ms, proxy.ts: 201ms, render: 76ms)
[2026-02-18T18:27:17.590Z] [App] [API] Fetching Outlook emails (via JXA Service)...
[2026-02-18T18:27:18.158Z] [App] GET /api/auth/session 200 in 617ms (compile: 601ms, proxy.ts: 4ms, render: 13ms)
[2026-02-18T18:27:18.174Z] [App] GET /api/auth/session 200 in 11ms (compile: 4ms, proxy.ts: 4ms, render: 4ms)
[2026-02-18T18:27:19.529Z] [App] GET /api/outlook-local 200 in 1989ms (compile: 43ms, proxy.ts: 4ms, render: 1942ms)
[2026-02-18T18:27:19.636Z] [App] GET /api/agent-status 200 in 34ms (compile: 27ms, proxy.ts: 3ms, render: 3ms)
[2026-02-18T18:27:19.645Z] [App] GET /api/agent-status 200 in 6ms (compile: 1154µs, proxy.ts: 3ms, render: 1671µs)
[2026-02-18T18:27:19.681Z] [App] [API/Calendar] useMock=false, source=outlook (enforced)
[2026-02-18T18:27:19.681Z] [App] [API/Calendar] Fetching Outlook local events (ID 432)...
[2026-02-18T18:27:40.382Z] [App] Outlook Calendar Raw Output: 70551|||EE - Sync up on Steel thread |||2026-02-18T11:30:00|||2026-02-18T12:00:00|||CONF US SEA Rufus 03.107 AV/VC (10)|||
70467|||linld@ OOTO 2/19 - 3/19|||2026-02-18T16:00:00|||2026-03-19T17:00:00||||||
70545|||AMS Rearchitecture Plan review|||2026-02-18T15:00:00|||2026-02-18T16:00:00|||https://amazon.zoom.us/j/92185163838?pwd=KauB8y7uxS2iCbEbMFwNS7hDvi1HbQ.1|||
70541|||Placeholder Invite - RISC Snowball workshop - BLR - Day 3 (19th Feb)|||2026-02-18T21:00:00|||2026-02-19T04:30:00|||https://amazon.zoom.us/j/99849738227?pwd=JIm4K3BsbqJxbNxcZYbSWN6aVk7bFC.1&from=addon; ,BLR 22 05.413, BLR 22 05.414|||
70523|||[Reading] eCF Q4 2025 QBR: ASCS|||2026-02-19T08:00:00|||2026-02-19T08:30:00|||Nessie 06.400 + Zoom|||
70524|||[Discussion] eCF Q4 2025 QBR: ASCS|||2026-02-19T08:30:00|||2026-02-19T09:30:00|||Nessie 06.400 + Zoom; https://amazon.zoom.us/j/91315747970?pwd=Yo24Kmf2a2NiScVv32LbI3X08gitwO.1&from=addon|||
70543|||Artemis Self-Healing: Fallback Phase UX Proposal|||2026-02-19T10:30:00|||2026-02-19T11:00:00||||||
70548|||Weekly Sync - Drift Detection|||2026-02-18T12:30:00|||2026-02-18T13:00:00|||https://amazon.zoom.us/j/91529403104?pwd=FhIY4hNSaAumlDwtGuqKuWS0395s8y.1&from=addon|||
[2026-02-18T18:27:40.386Z] [App] [API/Calendar] Found 8 real events
[2026-02-18T18:27:40.387Z] [App] [AI] Searching RAG for meeting: "EE - Sync up on Steel thread "
[2026-02-18T18:27:40.468Z] [App] [AI] Using Ollama model: 'gemma2:2b' at http://127.0.0.1:11434
[2026-02-18T18:27:45.042Z] [App] [AI] Meeting Brief Raw: {
    "context": "This meeting is a follow-up to previous discussions regarding the Steel thread roadmap. There seems to be some potential conflicts with existing commitments, and we need to clarify the next steps for this project.",
    "questions": ["What are the specific concerns about the proposed time slot?","Has there been any progress on the Artemis EE roadmap discussion?", "Should we reschedule or adjust the meeting agenda based on the current status?"] 
}
[2026-02-18T18:27:45.043Z] [App] [AI] Searching RAG for meeting: "linld@ OOTO 2/19 - 3/19"
[2026-02-18T18:27:45.066Z] [App] [AI] Using Ollama model: 'gemma2:2b' at http://127.0.0.1:11434
[2026-02-18T18:27:48.922Z] [App] [AI] Meeting Brief Raw: {
    "context": "There's an upcoming meeting for 'linld@ OOTO 2/19 - 3/19' focused on the Steel thread.  The emails suggest a potential celebratory shout-out to Rishi Bhasin, and there are ongoing discussions about syncing up on the Steel thread project.",
    "questions": ["What is the status of the Steel thread project? What are the key milestones or deadlines?", "Has Rishi Bhasin's Amaversary been celebrated?  Should we send a shout-out?", "What is the expected outcome from the meeting regarding the Steel thread synchronization?"] 
}
[2026-02-18T18:27:48.923Z] [App] [AI] Searching RAG for meeting: "AMS Rearchitecture Plan review"
[2026-02-18T18:27:48.941Z] [App] [AI] Using Ollama model: 'gemma2:2b' at http://127.0.0.1:11434
[2026-02-18T18:27:51.997Z] [App] [AI] Meeting Brief Raw: {
    "context": "The meeting is to review the AMS Rearchitecture Plan.  Emails indicate that Jibin Liu initiated the plan review and Rishi Bhasin has been asked to prepare a demo for the CPP Knowledge base.",
    "questions": ["What are the key objectives of the reviewed plan? ", "Has there been any progress on addressing the identified risks in the plan?", "Are there any specific concerns or challenges regarding the implementation of the plan?"] 
}
[2026-02-18T18:27:51.998Z] [App] [AI] Searching RAG for meeting: "Placeholder Invite - RISC Snowball workshop - BLR - Day 3 (19th Feb)"
[2026-02-18T18:27:52.018Z] [App] [AI] Using Ollama model: 'gemma2:2b' at http://127.0.0.1:11434
[2026-02-18T18:27:55.693Z] [App] [AI] Meeting Brief Raw: {
    "context": "This meeting is for a 3-day RISC Snowball workshop in Bangalore, India from February 17th to 19th, 2026. The purpose of the workshop is to re- [insert context based on email content].  Last week's emails focused on scheduling and preparation.",
    "questions": ["What are the key objectives for the Snowball workshop? ", "Are there any specific challenges or concerns that need to be addressed during the workshop?", "Has a detailed agenda been finalized?"] 
}
[2026-02-18T18:27:55.694Z] [App] [AI] Searching RAG for meeting: "[Reading] eCF Q4 2025 QBR: ASCS"
[2026-02-18T18:27:55.712Z] [App] [AI] Using Ollama model: 'gemma2:2b' at http://127.0.0.1:11434
[2026-02-18T18:27:59.189Z] [App] [AI] Meeting Brief Raw: {
    "context": "The meeting is to discuss the Q4 2025 eCF QBR: ASCS.  Last week, Fardeen Syed accepted goal prioritization and Ganesh Panaskar was coordinating on Steel thread updates. Nisha Ganwani is out of office on February 23rd.",
    "questions": ["What are the key takeaways from the goal prioritization meeting?","What progress has been made on the Steel thread update?","Has there been any discussion regarding the potential impact of Nisha's absence on the QBR?"] 
}
[2026-02-18T18:27:59.189Z] [App] [AI] Searching RAG for meeting: "[Discussion] eCF Q4 2025 QBR: ASCS"
[2026-02-18T18:27:59.208Z] [App] [AI] Using Ollama model: 'gemma2:2b' at http://127.0.0.1:11434
[2026-02-18T18:28:02.623Z] [App] [AI] Meeting Brief Raw: {
    "context": "This meeting is to discuss the eCF Q4 2025 QBR: ASCS.  The email history indicates that there have been recent discussions about goal prioritization, and we need to ensure everyone is aligned on the key objectives for the quarter.",
    "questions": ["What are the specific goals outlined in the Q4 2025 eCF QBR?","Has a clear action plan been established for achieving these goals?", "Are there any potential roadblocks or challenges that need to be addressed?"]
}
[2026-02-18T18:28:02.624Z] [App] [AI] Searching RAG for meeting: "Artemis Self-Healing: Fallback Phase UX Proposal"
[2026-02-18T18:28:02.639Z] [App] [AI] Using Ollama model: 'gemma2:2b' at http://127.0.0.1:11434
[2026-02-18T18:28:05.457Z] [App] [AI] Meeting Brief Raw: {
    "context": "The meeting is to discuss the Artemis Self-Healing: Fallback Phase UX Proposal. The proposal likely involves a discussion of goal prioritization and potential changes in team structure, as indicated by previous emails.",
    "questions": ["What are the specific goals for the fallback phase UX? ", "Has there been any progress on the proposed team structure adjustments?", "What is the current status of the project timeline?"] 
}
[2026-02-18T18:28:05.457Z] [App] [AI] Searching RAG for meeting: "Weekly Sync - Drift Detection"
[2026-02-18T18:28:05.474Z] [App] [AI] Using Ollama model: 'gemma2:2b' at http://127.0.0.1:11434
[2026-02-18T18:28:08.208Z] [App] [AI] Meeting Brief Raw: {
    "context": "The meeting is a weekly sync to discuss drift detection in Steel thread. The last email from Ganesh Panaskar was sent yesterday, and it's about the upcoming meeting.",
    "questions": ["What are the key findings regarding drift detection in Steel thread? ", "Has there been any progress on addressing the identified drifts?", "Who is responsible for implementing the proposed solutions?"] 
}
[2026-02-18T18:28:08.213Z] [App] GET /api/calendar 200 in 49s (compile: 129ms, proxy.ts: 11ms, render: 49s)
[2026-02-18T18:28:08.293Z] [App] [AI] Using Ollama model: 'gemma2:2b' at http://127.0.0.1:11434
[2026-02-18T18:28:08.319Z] [App] [API/Analyze] source=outlook, useMock=false, session=true
[2026-02-18T18:28:08.319Z] [App] [API/Analyze] Fetching real data for outlook...
[2026-02-18T18:28:08.320Z] [App] Google Calendar fetching is disabled. Using Local Outlook (ID 432) only.
[2026-02-18T18:28:09.467Z] [App] [AI] Using Ollama model: 'gemma2:2b' at http://127.0.0.1:11434
[2026-02-18T18:28:16.048Z] [App] GET /api/slack 200 in 7.8s (compile: 53ms, proxy.ts: 13ms, render: 7.8s)
[2026-02-18T18:28:18.851Z] [App] [AI] Briefing Raw: Good morning!  Today's focus is on the upcoming Steel thread WBR and the urgent follow-up needed regarding the UFC team's performance for weeks 6 & 7.  There are a few emails requiring immediate attention, including Rishi's response to the Manager Action Required email from Sankalp about Yamilett Estrada-Reyes.  Let's tackle these items head-on and ensure we stay on top of our priorities.

**Top Priorities:**

- **Start** the Steel thread WBR meeting with Rishi and Ganesh by 11:00 AM today.
- **Decide** whether to reschedule the UFC team meeting for week 6 & 7 if necessary, considering Rahee's email regarding the urgency of the matter.  
- **Follow up** with Bhasin on the Manager Action Required email from Sankalp regarding Yamilett Estrada-Reyes and confirm his understanding of the situation.

Let me know if you need any assistance with these tasks or have other items to add to your daily briefing!
[2026-02-18T18:28:18.859Z] [App] GET /api/analyze?source=outlook 200 in 10.6s (compile: 71ms, proxy.ts: 11ms, render: 10.5s)
[2026-02-18T18:28:18.904Z] [App] [AI] Using Ollama model: 'gemma2:2b' at http://127.0.0.1:11434
[2026-02-18T18:28:26.438Z] [App] GET /api/slack 200 in 7.5s (compile: 4ms, proxy.ts: 9ms, render: 7.5s)
[2026-02-18T18:28:26.463Z] [App] [API/Analyze] source=outlook, useMock=false, session=true
[2026-02-18T18:28:26.464Z] [App] [API/Analyze] Fetching real data for outlook...
[2026-02-18T18:28:26.465Z] [App] Google Calendar fetching is disabled. Using Local Outlook (ID 432) only.
[2026-02-18T18:28:27.618Z] [App] [AI] Using Ollama model: 'gemma2:2b' at http://127.0.0.1:11434
[2026-02-18T18:28:30.480Z] [App] [AI] Briefing Raw: Good morning! Today's focus is on the Steel thread project and its associated meetings. Rishi Bhasin has requested a meeting to discuss the WBR for this project, which is scheduled for 11-12 AM today.  Additionally, there are follow-up actions needed regarding the UFC team (week 6 & 7) and Manager Action Required: Manager Activities for Yamilett Estrada-Reyes. We'll need to prioritize these tasks and ensure timely communication with all involved parties.

**Top Priorities:**

- **Start** the Steel thread WBR meeting at 11 AM today.
- **Decide** on a clear action plan for the UFC team (week 6 & 7) based on Rahee Borade's email. 
- **Follow up** with Rishi Bhasin regarding the Manager Action Required: Manager Activities for Yamilett Estrada-Reyes and confirm if any further information is needed.  


Let me know if you have any questions or need assistance with specific tasks!
[2026-02-18T18:28:30.483Z] [App] GET /api/analyze?source=outlook 200 in 4.0s (compile: 5ms, proxy.ts: 7ms, render: 4.0s)
[2026-02-18T18:29:22.805Z] [App] [AI] Generating draft for: "Re: EE - Sync up on Steel thread " with RAG context.
[2026-02-18T18:29:22.808Z] [App] [AI] Using Ollama model: 'gemma2:2b' at http://127.0.0.1:11434
[2026-02-18T18:29:24.717Z] [App] POST /api/draft 200 in 2.0s (compile: 23ms, proxy.ts: 17ms, render: 2.0s)
[2026-02-18T18:29:50.431Z] [App] [AI] Generating draft for: "FW: [FLASH] UFC team (week 6 and 7)" with RAG context.
[2026-02-18T18:29:50.431Z] [App] [AI] Using Ollama model: 'gemma2:2b' at http://127.0.0.1:11434
[2026-02-18T18:29:51.520Z] [App] POST /api/draft 200 in 1175ms (compile: 6ms, proxy.ts: 14ms, render: 1155ms)
[2026-02-18T18:30:00.018Z] [Agent] [2026-02-18T18:30:00.017Z] Starting Background Sync...
[2026-02-18T18:30:00.018Z] [Agent] Last Sync: 2026-02-18T18:27:09.444Z
[2026-02-18T18:30:04.463Z] [App] [AI] Generating draft for: "Re: MANAGER ACTION REQUIRED: Manager Activities for Yamilett Estrada-Reyes" with RAG context.
[2026-02-18T18:30:04.464Z] [App] [AI] Using Ollama model: 'gemma2:2b' at http://127.0.0.1:11434
[2026-02-18T18:30:06.711Z] [App] POST /api/draft 200 in 2.3s (compile: 8ms, proxy.ts: 13ms, render: 2.3s)
[2026-02-18T18:30:07.953Z] [Agent] [2026-02-18T18:30:07.952Z] Fetched 50 raw items. Found 0 NEW emails.
[2026-02-18T18:30:07.953Z] [Agent] [2026-02-18T18:30:07.953Z] No new emails.
[2026-02-18T18:30:18.074Z] [App] [AI] Generating draft for: "Re: EE - Sync up on Steel thread " with RAG context.
[2026-02-18T18:30:18.075Z] [App] [AI] Using Ollama model: 'gemma2:2b' at http://127.0.0.1:11434
[2026-02-18T18:30:19.085Z] [App] POST /api/draft 200 in 1091ms (compile: 4ms, proxy.ts: 10ms, render: 1078ms)
[2026-02-18T18:38:08.167Z] [App] Reload env: .env.local
[2026-02-18T18:38:08.364Z] [App] GET / 200 in 147ms (compile: 59ms, proxy.ts: 67ms, render: 21ms)
[2026-02-18T18:45:00.013Z] [Agent] [2026-02-18T18:45:00.012Z] Starting Background Sync...
Last Sync: 2026-02-18T18:27:09.444Z
[2026-02-18T18:45:47.966Z] [Agent] [2026-02-18T18:45:47.965Z] Fetched 50 raw items. Found 1 NEW emails.
[2026-02-18T18:45:47.966Z] Ingesting 1 emails into Vector Store...
[2026-02-18T18:45:48.505Z] [Agent] Ingested: Re: [Exit DUB] Migration Progress | onalan Org
[Launcher] Shutting down at 2026-02-18T18:47:09.699Z
[2026-02-18T21:54:48.237Z] [INFO ] [AI] Searching RAG for meeting: "EE - Sync up on Steel thread "
[2026-02-18T21:54:48.712Z] [INFO ] [AI] Using Ollama model: 'llama3' at http://127.0.0.1:11434
[2026-02-18T21:54:54.441Z] [INFO ] [AI] Searching RAG for meeting: "Embedding Excellence: UFC focus [weekly]"
[2026-02-18T21:54:54.460Z] [INFO ] [AI] Using Ollama model: 'llama3' at http://127.0.0.1:11434
[2026-02-18T21:55:00.264Z] [INFO ] [AI] Searching RAG for meeting: "1-1 Yash: Sankalp"
[2026-02-18T21:55:00.278Z] [INFO ] [AI] Using Ollama model: 'llama3' at http://127.0.0.1:11434
[2026-02-18T21:55:05.745Z] [INFO ] [AI] Searching RAG for meeting: "Surbhi Jain 02/20 OOTO"
[2026-02-18T21:55:05.760Z] [INFO ] [AI] Using Ollama model: 'llama3' at http://127.0.0.1:11434
[2026-02-18T21:55:10.485Z] [INFO ] [AI] Searching RAG for meeting: "Artemis TP Coverage: UX / Authoring Support"
[2026-02-18T21:55:10.504Z] [INFO ] [AI] Using Ollama model: 'llama3' at http://127.0.0.1:11434
[2026-02-18T21:55:14.765Z] [INFO ] [AI] Searching RAG for meeting: "Weekly Sync - Drift Detection"
[2026-02-18T21:55:14.780Z] [INFO ] [AI] Using Ollama model: 'llama3' at http://127.0.0.1:11434
[2026-02-18T21:55:19.631Z] [INFO ] [AI] Searching RAG for meeting: "Bi-Weekly Review: WPC Matching "
[2026-02-18T21:55:19.649Z] [INFO ] [AI] Using Ollama model: 'llama3' at http://127.0.0.1:11434
[2026-02-18T21:55:23.673Z] [INFO ] [AI] Searching RAG for meeting: "CPP Mini WBR"
[2026-02-18T21:55:23.690Z] [INFO ] [AI] Using Ollama model: 'llama3' at http://127.0.0.1:11434
[2026-02-18T21:55:28.395Z] [INFO ] [AI] Searching RAG for meeting: "linld@ OOTO 2/19 - 3/19"
[2026-02-18T21:55:28.414Z] [INFO ] [AI] Using Ollama model: 'llama3' at http://127.0.0.1:11434
[2026-02-18T21:55:32.631Z] [INFO ] [AI] Searching RAG for meeting: "AMS Rearchitecture Plan review"
[2026-02-18T21:55:32.647Z] [INFO ] [AI] Using Ollama model: 'llama3' at http://127.0.0.1:11434
[2026-02-18T21:55:36.992Z] [INFO ] [AI] Searching RAG for meeting: "Placeholder Invite - RISC Snowball workshop - BLR - Day 3 (19th Feb)"
[2026-02-18T21:55:37.011Z] [INFO ] [AI] Using Ollama model: 'llama3' at http://127.0.0.1:11434
[2026-02-18T21:55:42.306Z] [INFO ] [AI] Searching RAG for meeting: "[Reading] eCF Q4 2025 QBR: ASCS"
[2026-02-18T21:55:42.325Z] [INFO ] [AI] Using Ollama model: 'llama3' at http://127.0.0.1:11434
[2026-02-18T21:55:47.326Z] [INFO ] [AI] Searching RAG for meeting: "[Discussion] eCF Q4 2025 QBR: ASCS"
[2026-02-18T21:55:47.341Z] [INFO ] [AI] Using Ollama model: 'llama3' at http://127.0.0.1:11434
[2026-02-18T21:55:52.265Z] [INFO ] [AI] Searching RAG for meeting: "Artemis Self-Healing: Fallback Phase UX Proposal"
[2026-02-18T21:55:52.280Z] [INFO ] [AI] Using Ollama model: 'llama3' at http://127.0.0.1:11434
[2026-02-18T21:55:57.489Z] [INFO ] [AI] Using Ollama model: 'llama3' at http://127.0.0.1:11434
[2026-02-18T21:55:59.241Z] [INFO ] [AI] Using Ollama model: 'llama3' at http://127.0.0.1:11434
[2026-02-18T21:56:15.360Z] [INFO ] [AI] Using Ollama model: 'llama3' at http://127.0.0.1:11434
[2026-02-18T21:56:26.302Z] [INFO ] [AI] Using Ollama model: 'llama3' at http://127.0.0.1:11434
[2026-02-18T21:56:59.279Z] [INFO ] [AI] Searching RAG for meeting: "EE - Sync up on Steel thread "
[2026-02-18T21:56:59.376Z] [INFO ] [AI] Using Ollama model: 'llama3' at http://127.0.0.1:11434
[2026-02-18T21:57:00.469Z] [INFO ] [AI] Searching RAG for meeting: "EE - Sync up on Steel thread "
[2026-02-18T21:57:00.542Z] [INFO ] [AI] Using Ollama model: 'llama3' at http://127.0.0.1:11434
[2026-02-18T21:57:03.820Z] [INFO ] [AI] Searching RAG for meeting: "Embedding Excellence: UFC focus [weekly]"
[2026-02-18T21:57:03.844Z] [INFO ] [AI] Using Ollama model: 'llama3' at http://127.0.0.1:11434
[2026-02-18T21:57:07.113Z] [INFO ] [AI] Searching RAG for meeting: "EE - Sync up on Steel thread "
[2026-02-18T21:57:07.142Z] [INFO ] [AI] Using Ollama model: 'llama3' at http://127.0.0.1:11434
[2026-02-18T21:57:07.625Z] [INFO ] [AI] Searching RAG for meeting: "Embedding Excellence: UFC focus [weekly]"
[2026-02-18T21:57:07.701Z] [INFO ] [AI] Using Ollama model: 'llama3' at http://127.0.0.1:11434
[2026-02-18T21:57:12.659Z] [INFO ] [AI] Searching RAG for meeting: "1-1 Yash: Sankalp"
[2026-02-18T21:57:12.705Z] [INFO ] [AI] Using Ollama model: 'llama3' at http://127.0.0.1:11434
[2026-02-18T21:57:16.745Z] [INFO ] [AI] Searching RAG for meeting: "Embedding Excellence: UFC focus [weekly]"
[2026-02-18T21:57:16.815Z] [INFO ] [AI] Using Ollama model: 'llama3' at http://127.0.0.1:11434
[2026-02-18T21:57:20.843Z] [INFO ] [AI] Searching RAG for meeting: "1-1 Yash: Sankalp"
[2026-02-18T21:57:20.891Z] [INFO ] [AI] Using Ollama model: 'llama3' at http://127.0.0.1:11434
[2026-02-18T21:57:25.975Z] [INFO ] [AI] Searching RAG for meeting: "Surbhi Jain 02/20 OOTO"
[2026-02-18T21:57:26.027Z] [INFO ] [AI] Using Ollama model: 'llama3' at http://127.0.0.1:11434
[2026-02-18T21:57:30.565Z] [INFO ] [AI] Searching RAG for meeting: "1-1 Yash: Sankalp"
[2026-02-18T21:57:30.614Z] [INFO ] [AI] Using Ollama model: 'llama3' at http://127.0.0.1:11434
[2026-02-18T21:57:35.261Z] [INFO ] [AI] Searching RAG for meeting: "Surbhi Jain 02/20 OOTO"
[2026-02-18T21:57:35.301Z] [INFO ] [AI] Using Ollama model: 'llama3' at http://127.0.0.1:11434
[2026-02-18T21:57:39.630Z] [INFO ] [AI] Searching RAG for meeting: "Artemis TP Coverage: UX / Authoring Support"
[2026-02-18T21:57:39.696Z] [INFO ] [AI] Using Ollama model: 'llama3' at http://127.0.0.1:11434
[2026-02-18T21:57:44.923Z] [INFO ] [AI] Searching RAG for meeting: "Surbhi Jain 02/20 OOTO"
[2026-02-18T21:57:44.977Z] [INFO ] [AI] Using Ollama model: 'llama3' at http://127.0.0.1:11434
[2026-02-18T21:57:49.312Z] [INFO ] [AI] Searching RAG for meeting: "Artemis TP Coverage: UX / Authoring Support"
[2026-02-18T21:57:49.379Z] [INFO ] [AI] Using Ollama model: 'llama3' at http://127.0.0.1:11434
[2026-02-18T21:57:53.341Z] [INFO ] [AI] Searching RAG for meeting: "Weekly Sync - Drift Detection"
[2026-02-18T21:57:53.392Z] [INFO ] [AI] Using Ollama model: 'llama3' at http://127.0.0.1:11434
[2026-02-18T21:57:57.146Z] [INFO ] [AI] Searching RAG for meeting: "Artemis TP Coverage: UX / Authoring Support"
[2026-02-18T21:57:57.208Z] [INFO ] [AI] Using Ollama model: 'llama3' at http://127.0.0.1:11434
[2026-02-18T21:58:01.468Z] [INFO ] [AI] Searching RAG for meeting: "Weekly Sync - Drift Detection"
[2026-02-18T21:58:01.516Z] [INFO ] [AI] Using Ollama model: 'llama3' at http://127.0.0.1:11434
[2026-02-18T21:58:06.328Z] [INFO ] [AI] Searching RAG for meeting: "Bi-Weekly Review: WPC Matching "
[2026-02-18T21:58:06.394Z] [INFO ] [AI] Using Ollama model: 'llama3' at http://127.0.0.1:11434
[2026-02-18T21:58:11.021Z] [INFO ] [AI] Searching RAG for meeting: "Weekly Sync - Drift Detection"
[2026-02-18T21:58:11.080Z] [INFO ] [AI] Using Ollama model: 'llama3' at http://127.0.0.1:11434
[2026-02-18T21:58:16.348Z] [INFO ] [AI] Searching RAG for meeting: "Bi-Weekly Review: WPC Matching "
[2026-02-18T21:58:16.416Z] [INFO ] [AI] Using Ollama model: 'llama3' at http://127.0.0.1:11434
[2026-02-18T21:58:21.112Z] [INFO ] [AI] Searching RAG for meeting: "CPP Mini WBR"
[2026-02-18T21:58:21.160Z] [INFO ] [AI] Using Ollama model: 'llama3' at http://127.0.0.1:11434
[2026-02-18T21:58:25.747Z] [INFO ] [AI] Searching RAG for meeting: "Bi-Weekly Review: WPC Matching "
[2026-02-18T21:58:25.814Z] [INFO ] [AI] Using Ollama model: 'llama3' at http://127.0.0.1:11434
[2026-02-18T21:58:30.570Z] [INFO ] [AI] Searching RAG for meeting: "CPP Mini WBR"
[2026-02-18T21:58:30.617Z] [INFO ] [AI] Using Ollama model: 'llama3' at http://127.0.0.1:11434
[2026-02-18T21:58:35.180Z] [INFO ] [AI] Searching RAG for meeting: "linld@ OOTO 2/19 - 3/19"
[2026-02-18T21:58:35.247Z] [INFO ] [AI] Using Ollama model: 'llama3' at http://127.0.0.1:11434
[2026-02-18T21:58:39.813Z] [INFO ] [AI] Searching RAG for meeting: "CPP Mini WBR"
[2026-02-18T21:58:39.862Z] [INFO ] [AI] Using Ollama model: 'llama3' at http://127.0.0.1:11434
[2026-02-18T21:58:43.995Z] [INFO ] [AI] Searching RAG for meeting: "linld@ OOTO 2/19 - 3/19"
[2026-02-18T21:58:44.062Z] [INFO ] [AI] Using Ollama model: 'llama3' at http://127.0.0.1:11434
[2026-02-18T21:58:48.115Z] [INFO ] [AI] Searching RAG for meeting: "AMS Rearchitecture Plan review"
[2026-02-18T21:58:48.160Z] [INFO ] [AI] Using Ollama model: 'llama3' at http://127.0.0.1:11434
[2026-02-18T21:58:52.096Z] [INFO ] [AI] Searching RAG for meeting: "linld@ OOTO 2/19 - 3/19"
[2026-02-18T21:58:52.153Z] [INFO ] [AI] Using Ollama model: 'llama3' at http://127.0.0.1:11434
[2026-02-18T21:58:56.774Z] [INFO ] [AI] Searching RAG for meeting: "AMS Rearchitecture Plan review"
[2026-02-18T21:58:56.818Z] [INFO ] [AI] Using Ollama model: 'llama3' at http://127.0.0.1:11434
[2026-02-18T21:59:02.416Z] [INFO ] [AI] Searching RAG for meeting: "Placeholder Invite - RISC Snowball workshop - BLR - Day 3 (19th Feb)"
[2026-02-18T21:59:02.491Z] [INFO ] [AI] Using Ollama model: 'llama3' at http://127.0.0.1:11434
[2026-02-18T21:59:07.884Z] [INFO ] [AI] Searching RAG for meeting: "AMS Rearchitecture Plan review"
[2026-02-18T21:59:07.931Z] [INFO ] [AI] Using Ollama model: 'llama3' at http://127.0.0.1:11434
[2026-02-18T21:59:13.157Z] [INFO ] [AI] Searching RAG for meeting: "Placeholder Invite - RISC Snowball workshop - BLR - Day 3 (19th Feb)"
[2026-02-18T21:59:13.224Z] [INFO ] [AI] Using Ollama model: 'llama3' at http://127.0.0.1:11434
[2026-02-18T21:59:18.115Z] [INFO ] [AI] Searching RAG for meeting: "[Reading] eCF Q4 2025 QBR: ASCS"
[2026-02-18T21:59:18.176Z] [INFO ] [AI] Using Ollama model: 'llama3' at http://127.0.0.1:11434
[2026-02-18T21:59:23.284Z] [INFO ] [AI] Searching RAG for meeting: "Placeholder Invite - RISC Snowball workshop - BLR - Day 3 (19th Feb)"
[2026-02-18T21:59:23.356Z] [INFO ] [AI] Using Ollama model: 'llama3' at http://127.0.0.1:11434
[2026-02-18T21:59:28.310Z] [INFO ] [AI] Searching RAG for meeting: "[Reading] eCF Q4 2025 QBR: ASCS"
[2026-02-18T21:59:28.376Z] [INFO ] [AI] Using Ollama model: 'llama3' at http://127.0.0.1:11434
[2026-02-18T21:59:32.988Z] [INFO ] [AI] Searching RAG for meeting: "[Discussion] eCF Q4 2025 QBR: ASCS"
[2026-02-18T21:59:33.062Z] [INFO ] [AI] Using Ollama model: 'llama3' at http://127.0.0.1:11434
[2026-02-18T21:59:38.605Z] [INFO ] [AI] Searching RAG for meeting: "[Reading] eCF Q4 2025 QBR: ASCS"
[2026-02-18T21:59:38.661Z] [INFO ] [AI] Using Ollama model: 'llama3' at http://127.0.0.1:11434
[2026-02-18T21:59:43.310Z] [INFO ] [AI] Searching RAG for meeting: "[Discussion] eCF Q4 2025 QBR: ASCS"
[2026-02-18T21:59:43.378Z] [INFO ] [AI] Using Ollama model: 'llama3' at http://127.0.0.1:11434
[2026-02-18T21:59:48.763Z] [INFO ] [AI] Searching RAG for meeting: "Artemis Self-Healing: Fallback Phase UX Proposal"
[2026-02-18T21:59:48.831Z] [INFO ] [AI] Using Ollama model: 'llama3' at http://127.0.0.1:11434
[2026-02-18T21:59:53.718Z] [INFO ] [AI] Searching RAG for meeting: "[Discussion] eCF Q4 2025 QBR: ASCS"
[2026-02-18T21:59:53.785Z] [INFO ] [AI] Using Ollama model: 'llama3' at http://127.0.0.1:11434
[2026-02-18T21:59:58.601Z] [INFO ] [AI] Searching RAG for meeting: "Artemis Self-Healing: Fallback Phase UX Proposal"
[2026-02-18T21:59:58.676Z] [INFO ] [AI] Using Ollama model: 'llama3' at http://127.0.0.1:11434
[2026-02-18T22:00:08.157Z] [INFO ] [AI] Searching RAG for meeting: "Artemis Self-Healing: Fallback Phase UX Proposal"
[2026-02-18T22:00:08.225Z] [INFO ] [AI] Using Ollama model: 'llama3' at http://127.0.0.1:11434
[2026-02-18T22:00:17.258Z] [INFO ] [AI] Using Ollama model: 'llama3' at http://127.0.0.1:11434
[2026-02-18T22:00:19.818Z] [INFO ] [AI] Using Ollama model: 'llama3' at http://127.0.0.1:11434
[2026-02-18T22:00:33.038Z] [INFO ] [AI] Using Ollama model: 'llama3' at http://127.0.0.1:11434
[2026-02-18T22:00:43.699Z] [INFO ] [AI] Using Ollama model: 'llama3' at http://127.0.0.1:11434
[2026-02-18T22:09:32.708Z] [INFO ] [AI] Searching RAG for meeting: "Artemis TP Coverage: UX / Authoring Support"
[2026-02-18T22:09:33.183Z] [INFO ] [AI] Using Ollama model: 'llama3' at http://127.0.0.1:11434
[2026-02-18T22:09:57.020Z] [INFO ] [AI] Searching RAG for meeting: "Artemis TP Coverage: UX / Authoring Support"
[2026-02-18T22:09:57.092Z] [INFO ] [AI] Using Ollama model: 'llama3' at http://127.0.0.1:11434
[2026-02-18T22:10:00.195Z] [INFO ] [AI] Searching RAG for meeting: "EE - Sync up on Steel thread "
[2026-02-18T22:10:00.212Z] [INFO ] [AI] Using Ollama model: 'llama3' at http://127.0.0.1:11434
[2026-02-18T22:10:05.083Z] [INFO ] [AI] Searching RAG for meeting: "Embedding Excellence: UFC focus [weekly]"
[2026-02-18T22:10:05.102Z] [INFO ] [AI] Using Ollama model: 'llama3' at http://127.0.0.1:11434
[2026-02-18T22:10:10.064Z] [INFO ] [AI] Searching RAG for meeting: "1-1 Yash: Sankalp"
[2026-02-18T22:10:10.081Z] [INFO ] [AI] Using Ollama model: 'llama3' at http://127.0.0.1:11434
[2026-02-18T22:10:15.697Z] [INFO ] [AI] Searching RAG for meeting: "Surbhi Jain 02/20 OOTO"
[2026-02-18T22:10:15.716Z] [INFO ] [AI] Using Ollama model: 'llama3' at http://127.0.0.1:11434
[2026-02-18T22:10:18.734Z] [INFO ] [AI] Searching RAG for meeting: "Artemis TP Coverage: UX / Authoring Support"
[2026-02-18T22:10:18.761Z] [INFO ] [AI] Using Ollama model: 'llama3' at http://127.0.0.1:11434
[2026-02-18T22:10:20.579Z] [INFO ] [AI] Searching RAG for meeting: "Weekly Sync - Drift Detection"
[2026-02-18T22:10:20.627Z] [INFO ] [AI] Using Ollama model: 'llama3' at http://127.0.0.1:11434
[2026-02-18T22:10:24.535Z] [INFO ] [AI] Searching RAG for meeting: "EE - Sync up on Steel thread "
[2026-02-18T22:10:24.601Z] [INFO ] [AI] Using Ollama model: 'llama3' at http://127.0.0.1:11434
[2026-02-18T22:10:29.143Z] [INFO ] [AI] Searching RAG for meeting: "Bi-Weekly Review: WPC Matching "
[2026-02-18T22:10:29.211Z] [INFO ] [AI] Using Ollama model: 'llama3' at http://127.0.0.1:11434
[2026-02-18T22:10:33.607Z] [INFO ] [AI] Searching RAG for meeting: "Embedding Excellence: UFC focus [weekly]"
[2026-02-18T22:10:33.675Z] [INFO ] [AI] Using Ollama model: 'llama3' at http://127.0.0.1:11434
[2026-02-18T22:10:38.028Z] [INFO ] [AI] Searching RAG for meeting: "CPP Mini WBR"
[2026-02-18T22:10:38.076Z] [INFO ] [AI] Using Ollama model: 'llama3' at http://127.0.0.1:11434
[2026-02-18T22:10:42.628Z] [INFO ] [AI] Searching RAG for meeting: "1-1 Yash: Sankalp"
[2026-02-18T22:10:42.677Z] [INFO ] [AI] Using Ollama model: 'llama3' at http://127.0.0.1:11434
[2026-02-18T22:10:47.495Z] [INFO ] [AI] Searching RAG for meeting: "linld@ OOTO 2/19 - 3/19"
[2026-02-18T22:10:47.569Z] [INFO ] [AI] Using Ollama model: 'llama3' at http://127.0.0.1:11434
[2026-02-18T22:10:52.294Z] [INFO ] [AI] Searching RAG for meeting: "Surbhi Jain 02/20 OOTO"
[2026-02-18T22:10:52.348Z] [INFO ] [AI] Using Ollama model: 'llama3' at http://127.0.0.1:11434
[2026-02-18T22:10:57.418Z] [INFO ] [AI] Searching RAG for meeting: "AMS Rearchitecture Plan review"
[2026-02-18T22:10:57.467Z] [INFO ] [AI] Using Ollama model: 'llama3' at http://127.0.0.1:11434
[2026-02-18T22:11:01.727Z] [INFO ] [AI] Searching RAG for meeting: "Weekly Sync - Drift Detection"
[2026-02-18T22:11:01.774Z] [INFO ] [AI] Using Ollama model: 'llama3' at http://127.0.0.1:11434
[2026-02-18T22:11:06.953Z] [INFO ] [AI] Searching RAG for meeting: "Placeholder Invite - RISC Snowball workshop - BLR - Day 3 (19th Feb)"
[2026-02-18T22:11:07.020Z] [INFO ] [AI] Using Ollama model: 'llama3' at http://127.0.0.1:11434
[2026-02-18T22:11:11.718Z] [INFO ] [AI] Searching RAG for meeting: "Bi-Weekly Review: WPC Matching "
[2026-02-18T22:11:11.785Z] [INFO ] [AI] Using Ollama model: 'llama3' at http://127.0.0.1:11434
[2026-02-18T22:11:16.935Z] [INFO ] [AI] Searching RAG for meeting: "[Reading] eCF Q4 2025 QBR: ASCS"
[2026-02-18T22:11:17.003Z] [INFO ] [AI] Using Ollama model: 'llama3' at http://127.0.0.1:11434
[2026-02-18T22:11:21.119Z] [INFO ] [AI] Searching RAG for meeting: "CPP Mini WBR"
[2026-02-18T22:11:21.164Z] [INFO ] [AI] Using Ollama model: 'llama3' at http://127.0.0.1:11434
[2026-02-18T22:11:25.958Z] [INFO ] [AI] Searching RAG for meeting: "[Discussion] eCF Q4 2025 QBR: ASCS"
[2026-02-18T22:11:26.024Z] [INFO ] [AI] Using Ollama model: 'llama3' at http://127.0.0.1:11434
[2026-02-18T22:11:30.819Z] [INFO ] [AI] Searching RAG for meeting: "linld@ OOTO 2/19 - 3/19"
[2026-02-18T22:11:30.886Z] [INFO ] [AI] Using Ollama model: 'llama3' at http://127.0.0.1:11434
[2026-02-18T22:11:35.455Z] [INFO ] [AI] Searching RAG for meeting: "Artemis Self-Healing: Fallback Phase UX Proposal"
[2026-02-18T22:11:35.530Z] [INFO ] [AI] Using Ollama model: 'llama3' at http://127.0.0.1:11434
[2026-02-18T22:11:39.637Z] [INFO ] [AI] Searching RAG for meeting: "AMS Rearchitecture Plan review"
[2026-02-18T22:11:39.684Z] [INFO ] [AI] Using Ollama model: 'llama3' at http://127.0.0.1:11434
[2026-02-18T22:11:50.787Z] [INFO ] [AI] Searching RAG for meeting: "Placeholder Invite - RISC Snowball workshop - BLR - Day 3 (19th Feb)"
[2026-02-18T22:11:50.803Z] [INFO ] [AI] Using Ollama model: 'llama3' at http://127.0.0.1:11434
[2026-02-18T22:11:56.311Z] [INFO ] [AI] Searching RAG for meeting: "[Reading] eCF Q4 2025 QBR: ASCS"
[2026-02-18T22:11:56.327Z] [INFO ] [AI] Using Ollama model: 'llama3' at http://127.0.0.1:11434
[2026-02-18T22:12:00.884Z] [INFO ] [AI] Searching RAG for meeting: "[Discussion] eCF Q4 2025 QBR: ASCS"
[2026-02-18T22:12:00.901Z] [INFO ] [AI] Using Ollama model: 'llama3' at http://127.0.0.1:11434
[2026-02-18T22:12:05.589Z] [INFO ] [AI] Searching RAG for meeting: "Artemis Self-Healing: Fallback Phase UX Proposal"
[2026-02-18T22:12:05.605Z] [INFO ] [AI] Using Ollama model: 'llama3' at http://127.0.0.1:11434
[2026-02-18T22:12:11.026Z] [INFO ] [AI] Using Ollama model: 'llama3' at http://127.0.0.1:11434
[2026-02-18T22:12:12.781Z] [INFO ] [AI] Using Ollama model: 'llama3' at http://127.0.0.1:11434
[2026-02-18T22:12:26.308Z] [INFO ] [AI] Using Ollama model: 'llama3' at http://127.0.0.1:11434
[2026-02-18T22:12:37.577Z] [INFO ] [AI] Using Ollama model: 'llama3' at http://127.0.0.1:11434
[2026-02-18T22:13:52.531Z] [INFO ] [AI] Searching RAG for meeting: "Embedding Excellence: UFC focus [weekly]"
[2026-02-18T22:13:52.599Z] [INFO ] [AI] Using Ollama model: 'llama3' at http://127.0.0.1:11434
[2026-02-18T22:13:57.848Z] [INFO ] [AI] Searching RAG for meeting: "Artemis TP Coverage: UX / Authoring Support"
[2026-02-18T22:13:57.863Z] [INFO ] [AI] Using Ollama model: 'llama3' at http://127.0.0.1:11434
[2026-02-18T22:13:58.174Z] [INFO ] [AI] Searching RAG for meeting: "Embedding Excellence: UFC focus [weekly]"
[2026-02-18T22:13:58.263Z] [INFO ] [AI] Using Ollama model: 'llama3' at http://127.0.0.1:11434
[2026-02-18T22:14:02.359Z] [INFO ] [AI] Searching RAG for meeting: "EE - Sync up on Steel thread "
[2026-02-18T22:14:02.425Z] [INFO ] [AI] Using Ollama model: 'llama3' at http://127.0.0.1:11434
[2026-02-18T22:14:06.927Z] [INFO ] [AI] Searching RAG for meeting: "Artemis TP Coverage: UX / Authoring Support"
[2026-02-18T22:14:07.002Z] [INFO ] [AI] Using Ollama model: 'llama3' at http://127.0.0.1:11434
[2026-02-18T22:14:11.931Z] [INFO ] [AI] Searching RAG for meeting: "1-1 Yash: Sankalp"
[2026-02-18T22:14:11.989Z] [INFO ] [AI] Using Ollama model: 'llama3' at http://127.0.0.1:11434
[2026-02-18T22:14:16.823Z] [INFO ] [AI] Searching RAG for meeting: "EE - Sync up on Steel thread "
[2026-02-18T22:14:16.883Z] [INFO ] [AI] Using Ollama model: 'llama3' at http://127.0.0.1:11434
[2026-02-18T22:14:22.074Z] [INFO ] [AI] Searching RAG for meeting: "Surbhi Jain 02/20 OOTO"
[2026-02-18T22:14:22.125Z] [INFO ] [AI] Using Ollama model: 'llama3' at http://127.0.0.1:11434
[2026-02-18T22:14:26.402Z] [INFO ] [AI] Searching RAG for meeting: "1-1 Yash: Sankalp"
[2026-02-18T22:14:26.458Z] [INFO ] [AI] Using Ollama model: 'llama3' at http://127.0.0.1:11434
[2026-02-18T22:14:30.631Z] [INFO ] [AI] Searching RAG for meeting: "Weekly Sync - Drift Detection"
[2026-02-18T22:14:30.691Z] [INFO ] [AI] Using Ollama model: 'llama3' at http://127.0.0.1:11434
[2026-02-18T22:14:36.083Z] [INFO ] [AI] Searching RAG for meeting: "Surbhi Jain 02/20 OOTO"
[2026-02-18T22:14:36.132Z] [INFO ] [AI] Using Ollama model: 'llama3' at http://127.0.0.1:11434
[2026-02-18T22:14:40.760Z] [INFO ] [AI] Searching RAG for meeting: "Bi-Weekly Review: WPC Matching "
[2026-02-18T22:14:40.831Z] [INFO ] [AI] Using Ollama model: 'llama3' at http://127.0.0.1:11434
[2026-02-18T22:14:44.980Z] [INFO ] [AI] Searching RAG for meeting: "Weekly Sync - Drift Detection"
[2026-02-18T22:14:45.029Z] [INFO ] [AI] Using Ollama model: 'llama3' at http://127.0.0.1:11434
[2026-02-18T22:14:49.399Z] [INFO ] [AI] Searching RAG for meeting: "CPP Mini WBR"
[2026-02-18T22:14:49.443Z] [INFO ] [AI] Using Ollama model: 'llama3' at http://127.0.0.1:11434
[2026-02-18T22:14:54.111Z] [INFO ] [AI] Searching RAG for meeting: "Bi-Weekly Review: WPC Matching "
[2026-02-18T22:14:54.181Z] [INFO ] [AI] Using Ollama model: 'llama3' at http://127.0.0.1:11434
[2026-02-18T22:14:59.043Z] [INFO ] [AI] Searching RAG for meeting: "linld@ OOTO 2/19 - 3/19"
[2026-02-18T22:14:59.108Z] [INFO ] [AI] Using Ollama model: 'llama3' at http://127.0.0.1:11434
[2026-02-18T22:15:03.885Z] [INFO ] [AI] Searching RAG for meeting: "CPP Mini WBR"
[2026-02-18T22:15:03.930Z] [INFO ] [AI] Using Ollama model: 'llama3' at http://127.0.0.1:11434
[2026-02-18T22:15:08.399Z] [INFO ] [AI] Searching RAG for meeting: "AMS Rearchitecture Plan review"
[2026-02-18T22:15:08.444Z] [INFO ] [AI] Using Ollama model: 'llama3' at http://127.0.0.1:11434
[2026-02-18T22:15:13.429Z] [INFO ] [AI] Searching RAG for meeting: "linld@ OOTO 2/19 - 3/19"
[2026-02-18T22:15:13.496Z] [INFO ] [AI] Using Ollama model: 'llama3' at http://127.0.0.1:11434
[2026-02-18T22:15:18.621Z] [INFO ] [AI] Searching RAG for meeting: "Placeholder Invite - RISC Snowball workshop - BLR - Day 3 (19th Feb)"
[2026-02-18T22:15:18.696Z] [INFO ] [AI] Using Ollama model: 'llama3' at http://127.0.0.1:11434
[2026-02-18T22:15:23.156Z] [INFO ] [AI] Searching RAG for meeting: "AMS Rearchitecture Plan review"
[2026-02-18T22:15:23.200Z] [INFO ] [AI] Using Ollama model: 'llama3' at http://127.0.0.1:11434
[2026-02-18T22:15:28.346Z] [INFO ] [AI] Searching RAG for meeting: "[Reading] eCF Q4 2025 QBR: ASCS"
[2026-02-18T22:15:28.413Z] [INFO ] [AI] Using Ollama model: 'llama3' at http://127.0.0.1:11434
[2026-02-18T22:15:34.089Z] [INFO ] [AI] Searching RAG for meeting: "Placeholder Invite - RISC Snowball workshop - BLR - Day 3 (19th Feb)"
[2026-02-18T22:15:34.162Z] [INFO ] [AI] Using Ollama model: 'llama3' at http://127.0.0.1:11434
[2026-02-18T22:16:01.470Z] [INFO ] [AI] Searching RAG for meeting: "Embedding Excellence: UFC focus [weekly]"
[2026-02-18T22:16:01.544Z] [INFO ] [AI] Using Ollama model: 'llama3' at http://127.0.0.1:11434
[2026-02-18T22:16:02.446Z] [INFO ] [AI] Searching RAG for meeting: "Embedding Excellence: UFC focus [weekly]"
[2026-02-18T22:16:02.514Z] [INFO ] [AI] Using Ollama model: 'llama3' at http://127.0.0.1:11434
[2026-02-18T22:16:06.281Z] [INFO ] [AI] Searching RAG for meeting: "Artemis TP Coverage: UX / Authoring Support"
[2026-02-18T22:16:06.306Z] [INFO ] [AI] Using Ollama model: 'llama3' at http://127.0.0.1:11434
[2026-02-18T22:16:09.874Z] [INFO ] [AI] Searching RAG for meeting: "Artemis TP Coverage: UX / Authoring Support"
[2026-02-18T22:16:09.950Z] [INFO ] [AI] Using Ollama model: 'llama3' at http://127.0.0.1:11434
[2026-02-18T22:16:15.073Z] [INFO ] [AI] Searching RAG for meeting: "EE - Sync up on Steel thread "
[2026-02-18T22:16:15.099Z] [INFO ] [AI] Using Ollama model: 'llama3' at http://127.0.0.1:11434
[2026-02-18T22:16:17.990Z] [INFO ] [AI] Searching RAG for meeting: "EE - Sync up on Steel thread "
[2026-02-18T22:16:18.055Z] [INFO ] [AI] Using Ollama model: 'llama3' at http://127.0.0.1:11434
[2026-02-18T22:16:22.531Z] [INFO ] [AI] Searching RAG for meeting: "1-1 Yash: Sankalp"
[2026-02-18T22:16:22.558Z] [INFO ] [AI] Using Ollama model: 'llama3' at http://127.0.0.1:11434
[2026-02-18T22:16:26.027Z] [INFO ] [AI] Searching RAG for meeting: "1-1 Yash: Sankalp"
[2026-02-18T22:16:26.076Z] [INFO ] [AI] Using Ollama model: 'llama3' at http://127.0.0.1:11434
[2026-02-18T22:16:28.471Z] [INFO ] [AI] Using Ollama model: 'llama3' at http://127.0.0.1:11434
[2026-02-18T22:16:31.320Z] [INFO ] [AI] Searching RAG for meeting: "Surbhi Jain 02/20 OOTO"
[2026-02-18T22:16:31.346Z] [INFO ] [AI] Using Ollama model: 'llama3' at http://127.0.0.1:11434
[2026-02-18T22:16:35.579Z] [INFO ] [AI] Searching RAG for meeting: "Surbhi Jain 02/20 OOTO"
[2026-02-18T22:16:35.626Z] [INFO ] [AI] Using Ollama model: 'llama3' at http://127.0.0.1:11434
[2026-02-18T22:16:43.400Z] [INFO ] [AI] Searching RAG for meeting: "Weekly Sync - Drift Detection"
[2026-02-18T22:16:43.424Z] [INFO ] [AI] Using Ollama model: 'llama3' at http://127.0.0.1:11434
[2026-02-18T22:16:47.450Z] [INFO ] [AI] Searching RAG for meeting: "Weekly Sync - Drift Detection"
[2026-02-18T22:16:47.509Z] [INFO ] [AI] Using Ollama model: 'llama3' at http://127.0.0.1:11434
[2026-02-18T22:16:51.902Z] [INFO ] [AI] Using Ollama model: 'llama3' at http://127.0.0.1:11434
[2026-02-18T22:16:52.277Z] [INFO ] [AI] Searching RAG for meeting: "Bi-Weekly Review: WPC Matching "
[2026-02-18T22:16:52.300Z] [INFO ] [AI] Using Ollama model: 'llama3' at http://127.0.0.1:11434
[2026-02-18T22:16:55.621Z] [INFO ] [AI] Searching RAG for meeting: "Bi-Weekly Review: WPC Matching "
[2026-02-18T22:16:55.698Z] [INFO ] [AI] Using Ollama model: 'llama3' at http://127.0.0.1:11434
[2026-02-18T22:17:04.144Z] [INFO ] [AI] Searching RAG for meeting: "CPP Mini WBR"
[2026-02-18T22:17:04.163Z] [INFO ] [AI] Using Ollama model: 'llama3' at http://127.0.0.1:11434
[2026-02-18T22:17:07.761Z] [INFO ] [AI] Searching RAG for meeting: "CPP Mini WBR"
[2026-02-18T22:17:07.805Z] [INFO ] [AI] Using Ollama model: 'llama3' at http://127.0.0.1:11434
[2026-02-18T22:17:12.165Z] [INFO ] [AI] Searching RAG for meeting: "linld@ OOTO 2/19 - 3/19"
[2026-02-18T22:17:12.189Z] [INFO ] [AI] Using Ollama model: 'llama3' at http://127.0.0.1:11434
[2026-02-18T22:17:15.179Z] [INFO ] [AI] Searching RAG for meeting: "linld@ OOTO 2/19 - 3/19"
[2026-02-18T22:17:15.246Z] [INFO ] [AI] Using Ollama model: 'llama3' at http://127.0.0.1:11434
[2026-02-18T22:17:19.371Z] [INFO ] [AI] Searching RAG for meeting: "AMS Rearchitecture Plan review"
[2026-02-18T22:17:19.392Z] [INFO ] [AI] Using Ollama model: 'llama3' at http://127.0.0.1:11434
[2026-02-18T22:17:22.716Z] [INFO ] [AI] Searching RAG for meeting: "AMS Rearchitecture Plan review"
[2026-02-18T22:17:22.760Z] [INFO ] [AI] Using Ollama model: 'llama3' at http://127.0.0.1:11434
[2026-02-18T22:17:28.109Z] [INFO ] [AI] Searching RAG for meeting: "Placeholder Invite - RISC Snowball workshop - BLR - Day 3 (19th Feb)"
[2026-02-18T22:17:28.134Z] [INFO ] [AI] Using Ollama model: 'llama3' at http://127.0.0.1:11434
[2026-02-18T22:17:31.906Z] [INFO ] [AI] Searching RAG for meeting: "Placeholder Invite - RISC Snowball workshop - BLR - Day 3 (19th Feb)"
[2026-02-18T22:17:31.972Z] [INFO ] [AI] Using Ollama model: 'llama3' at http://127.0.0.1:11434
[2026-02-18T22:17:37.121Z] [INFO ] [AI] Searching RAG for meeting: "[Reading] eCF Q4 2025 QBR: ASCS"
[2026-02-18T22:17:37.145Z] [INFO ] [AI] Using Ollama model: 'llama3' at http://127.0.0.1:11434
[2026-02-18T22:17:40.453Z] [INFO ] [AI] Searching RAG for meeting: "[Reading] eCF Q4 2025 QBR: ASCS"
[2026-02-18T22:17:40.518Z] [INFO ] [AI] Using Ollama model: 'llama3' at http://127.0.0.1:11434
[2026-02-18T22:17:45.439Z] [INFO ] [AI] Searching RAG for meeting: "[Discussion] eCF Q4 2025 QBR: ASCS"
[2026-02-18T22:17:45.465Z] [INFO ] [AI] Using Ollama model: 'llama3' at http://127.0.0.1:11434
[2026-02-18T22:17:49.070Z] [INFO ] [AI] Searching RAG for meeting: "[Discussion] eCF Q4 2025 QBR: ASCS"
[2026-02-18T22:17:49.136Z] [INFO ] [AI] Using Ollama model: 'llama3' at http://127.0.0.1:11434
[2026-02-18T22:17:53.871Z] [INFO ] [AI] Searching RAG for meeting: "Artemis Self-Healing: Fallback Phase UX Proposal"
[2026-02-18T22:17:53.895Z] [INFO ] [AI] Using Ollama model: 'llama3' at http://127.0.0.1:11434
[2026-02-18T22:17:57.114Z] [INFO ] [AI] Searching RAG for meeting: "Artemis Self-Healing: Fallback Phase UX Proposal"
[2026-02-18T22:17:57.182Z] [INFO ] [AI] Using Ollama model: 'llama3' at http://127.0.0.1:11434
[2026-02-18T22:18:06.145Z] [INFO ] [AI] Using Ollama model: 'llama3' at http://127.0.0.1:11434
[2026-02-18T22:18:07.830Z] [INFO ] [AI] Using Ollama model: 'llama3' at http://127.0.0.1:11434
[2026-02-18T22:18:21.750Z] [INFO ] [AI] Using Ollama model: 'llama3' at http://127.0.0.1:11434
[2026-02-18T22:18:32.845Z] [INFO ] [AI] Using Ollama model: 'llama3' at http://127.0.0.1:11434
[2026-02-18T22:21:48.522Z] [INFO ] [AI] Searching RAG for meeting: "Embedding Excellence: UFC focus [weekly]"
[2026-02-18T22:21:48.580Z] [INFO ] [AI] Using Ollama model: 'llama3' at http://127.0.0.1:11434
[2026-02-18T22:21:53.269Z] [INFO ] [AI] Searching RAG for meeting: "Artemis TP Coverage: UX / Authoring Support"
[2026-02-18T22:21:53.287Z] [INFO ] [AI] Using Ollama model: 'llama3' at http://127.0.0.1:11434
[2026-02-18T22:21:57.055Z] [INFO ] [AI] Searching RAG for meeting: "EE - Sync up on Steel thread "
[2026-02-18T22:21:57.071Z] [INFO ] [AI] Using Ollama model: 'llama3' at http://127.0.0.1:11434
[2026-02-18T22:22:01.762Z] [INFO ] [AI] Searching RAG for meeting: "1-1 Yash: Sankalp"
[2026-02-18T22:22:01.776Z] [INFO ] [AI] Using Ollama model: 'llama3' at http://127.0.0.1:11434
[2026-02-18T22:22:06.448Z] [INFO ] [AI] Searching RAG for meeting: "Surbhi Jain 02/20 OOTO"
[2026-02-18T22:22:06.465Z] [INFO ] [AI] Using Ollama model: 'llama3' at http://127.0.0.1:11434
[2026-02-18T22:22:10.567Z] [INFO ] [AI] Searching RAG for meeting: "Weekly Sync - Drift Detection"
[2026-02-18T22:22:10.583Z] [INFO ] [AI] Using Ollama model: 'llama3' at http://127.0.0.1:11434
[2026-02-18T22:22:14.874Z] [INFO ] [AI] Searching RAG for meeting: "Bi-Weekly Review: WPC Matching "
[2026-02-18T22:22:14.891Z] [INFO ] [AI] Using Ollama model: 'llama3' at http://127.0.0.1:11434
[2026-02-18T22:22:19.845Z] [INFO ] [AI] Searching RAG for meeting: "CPP Mini WBR"
[2026-02-18T22:22:19.862Z] [INFO ] [AI] Using Ollama model: 'llama3' at http://127.0.0.1:11434
[2026-02-18T22:22:24.583Z] [INFO ] [AI] Searching RAG for meeting: "linld@ OOTO 2/19 - 3/19"
[2026-02-18T22:22:24.600Z] [INFO ] [AI] Using Ollama model: 'llama3' at http://127.0.0.1:11434
[2026-02-18T22:22:29.375Z] [INFO ] [AI] Searching RAG for meeting: "AMS Rearchitecture Plan review"
[2026-02-18T22:22:29.391Z] [INFO ] [AI] Using Ollama model: 'llama3' at http://127.0.0.1:11434
[2026-02-18T22:22:34.324Z] [INFO ] [AI] Searching RAG for meeting: "Placeholder Invite - RISC Snowball workshop - BLR - Day 3 (19th Feb)"
[2026-02-18T22:22:34.340Z] [INFO ] [AI] Using Ollama model: 'llama3' at http://127.0.0.1:11434
[2026-02-18T22:22:39.112Z] [INFO ] [AI] Searching RAG for meeting: "[Reading] eCF Q4 2025 QBR: ASCS"
[2026-02-18T22:22:39.131Z] [INFO ] [AI] Using Ollama model: 'llama3' at http://127.0.0.1:11434
[2026-02-18T22:22:44.183Z] [INFO ] [AI] Searching RAG for meeting: "[Discussion] eCF Q4 2025 QBR: ASCS"
[2026-02-18T22:22:44.199Z] [INFO ] [AI] Using Ollama model: 'llama3' at http://127.0.0.1:11434
[2026-02-18T22:22:49.141Z] [INFO ] [AI] Searching RAG for meeting: "Artemis Self-Healing: Fallback Phase UX Proposal"
[2026-02-18T22:22:49.159Z] [INFO ] [AI] Using Ollama model: 'llama3' at http://127.0.0.1:11434
[2026-02-18T22:22:54.343Z] [INFO ] [AI] Using Ollama model: 'llama3' at http://127.0.0.1:11434
[2026-02-18T22:22:55.956Z] [INFO ] [AI] Using Ollama model: 'llama3' at http://127.0.0.1:11434
[2026-02-18T22:23:10.889Z] [INFO ] [AI] Using Ollama model: 'llama3' at http://127.0.0.1:11434
[2026-02-18T22:23:20.796Z] [INFO ] [AI] Using Ollama model: 'llama3' at http://127.0.0.1:11434
[2026-02-18T23:28:47.353Z] [Agent] [32m[2026-02-18T23:28:47.352Z] [INFO ] [Agent][0m Starting Local Autonomous Agent Background Service...
[2026-02-18T23:28:47.354Z] [Agent] [32m[2026-02-18T23:28:47.354Z] [INFO ] [Agent][0m Schedule: */15 * * * *
[2026-02-18T23:28:47.365Z] [Agent] [32m[2026-02-18T23:28:47.365Z] [INFO ] [Agent][0m Starting Background Sync...
[2026-02-18T23:28:47.366Z] [Agent] [32m[2026-02-18T23:28:47.365Z] [INFO ] [Agent][0m Last Sync: 2026-02-18T18:45:48.505Z
[2026-02-18T23:28:47.352Z] [INFO ] [Agent] Starting Local Autonomous Agent Background Service...
[2026-02-18T23:28:47.354Z] [INFO ] [Agent] Schedule: */15 * * * *
[2026-02-18T23:28:47.365Z] [INFO ] [Agent] Starting Background Sync...
[2026-02-18T23:28:47.365Z] [INFO ] [Agent] Last Sync: 2026-02-18T18:45:48.505Z
[2026-02-18T23:28:47.427Z] [App] > smartai@0.1.0 dev
> next dev
[2026-02-18T23:28:48.006Z] [App Error] ⚠ Port 3000 is in use by process 57979, using available port 3001 instead.
[2026-02-18T23:28:48.015Z] [App] ▲ Next.js 16.1.6 (Turbopack)
[2026-02-18T23:28:48.015Z] [App] - Local:         http://localhost:3001
- Network:       http://10.4.44.30:3001
- Environments: .env.local
[2026-02-18T23:28:48.015Z] [App] ✓ Starting...
[2026-02-18T23:28:49.154Z] [App Error] ⨯ Unable to acquire lock at /Users/sankalpv/Documents/sankalpv/Gemini/AntiGravity/smartai/.next/dev/lock, is another instance of next dev running?
[2026-02-18T23:28:49.154Z] [App] Suggestion: If you intended to restart next dev, terminate the other process, and then try again.
[2026-02-18T23:28:49.181Z] [App] [?25h
[2026-02-18T23:29:21.857Z] [Agent] Skipping external email: [EXTERNAL] Your Google Account was recovered successfully
[2026-02-18T23:29:21.857Z] [Agent] Skipping external email: [EXTERNAL] Google Verification Code
Skipping external email: [EXTERNAL] There's still time to enroll in spring sections at the AoPS Online School
Skipping external email: [EXTERNAL] Private equity comes for 401(k)s
Skipping external email: [EXTERNAL] Sankalp, apply now to ‘Engineering Manager of Managers, Document Databases at Stripe’
Skipping external email: [EXTERNAL] Vidya just messaged you
Skipping external email: [EXTERNAL] You have an invitation
Skipping external email: [EXTERNAL] Sankalp, stretch out with a Free Upgrade – including SUVs!
[2026-02-18T23:29:21.858Z] [INFO ] [Agent] Fetched 50 raw items. Found 11 NEW emails.
[2026-02-18T23:29:21.858Z] [Agent] Skipping external email: [EXTERNAL] Alex accepted your invitation, explore their network
Skipping external email: [EXTERNAL] Thursday Webinar: Summer Camps at AoPS Academy
[2026-02-18T23:29:21.858Z] [Agent] Skipping external email: [EXTERNAL] Carina accepted your invitation, explore their network
[32m[2026-02-18T23:29:21.858Z] [INFO ] [Agent][0m Fetched 50 raw items. Found 11 NEW emails.
[2026-02-18T23:29:21.858Z] [Agent] [32m[2026-02-18T23:29:21.858Z] [INFO ] [Agent][0m Ingesting 11 emails into Vector Store...
[2026-02-18T23:29:21.858Z] [INFO ] [Agent] Ingesting 11 emails into Vector Store...
[2026-02-18T23:29:22.461Z] [INFO ] [VectorStore] Ingested: Re: CPP Knowledge base: Demo session
[2026-02-18T23:29:22.461Z] [Agent] [32m[2026-02-18T23:29:22.461Z] [INFO ] [VectorStore][0m Ingested: Re: CPP Knowledge base: Demo session
[2026-02-18T23:29:22.496Z] [ERROR] [VectorStore] Failed to generate embedding with nomic-embed-text: the input length exceeds the context length
[2026-02-18T23:29:22.496Z] [Agent] [31m[2026-02-18T23:29:22.496Z] [ERROR] [VectorStore][0m Failed to generate embedding with nomic-embed-text: the input length exceeds the context length
[2026-02-18T23:29:22.496Z] [Agent] [31m[2026-02-18T23:29:22.496Z] [ERROR] [VectorStore][0m Ingestion failed for Re: Embedding Excellence: UFC focus [weekly]: the input length exceeds the context length
[2026-02-18T23:29:22.496Z] [ERROR] [VectorStore] Ingestion failed for Re: Embedding Excellence: UFC focus [weekly]: the input length exceeds the context length
[2026-02-18T23:29:22.537Z] [INFO ] [VectorStore] Ingested: CPP SJC Project Showcase
[2026-02-18T23:29:22.537Z] [Agent] [32m[2026-02-18T23:29:22.537Z] [INFO ] [VectorStore][0m Ingested: CPP SJC Project Showcase
[2026-02-18T23:29:22.603Z] [INFO ] [VectorStore] Ingested: Meeting summary: Embedding Excellence: UFC focus [weekly]
[2026-02-18T23:29:22.603Z] [Agent] [32m[2026-02-18T23:29:22.603Z] [INFO ] [VectorStore][0m Ingested: Meeting summary: Embedding Excellence: UFC focus [weekly]
[2026-02-18T23:29:22.639Z] [INFO ] [VectorStore] Ingested: **Action Requested** 2026 CPP Global Summit Agenda Survey & Save the Date
[2026-02-18T23:29:22.640Z] [Agent] [32m[2026-02-18T23:29:22.639Z] [INFO ] [VectorStore][0m Ingested: **Action Requested** 2026 CPP Global Summit Agenda Survey & Save the Date
[2026-02-18T23:29:22.699Z] [INFO ] [VectorStore] Ingested: Re: [Reading] eCF Q4 2025 QBR: ASCS
[2026-02-18T23:29:22.699Z] [Agent] [32m[2026-02-18T23:29:22.699Z] [INFO ] [VectorStore][0m Ingested: Re: [Reading] eCF Q4 2025 QBR: ASCS
[2026-02-18T23:29:22.788Z] [INFO ] [VectorStore] Ingested: RE: CPP Knowledge base: Demo session
[2026-02-18T23:29:22.788Z] [Agent] [32m[2026-02-18T23:29:22.788Z] [INFO ] [VectorStore][0m Ingested: RE: CPP Knowledge base: Demo session
[2026-02-18T23:29:22.836Z] [INFO ] [VectorStore] Ingested: Meeting summary: CPP Mini WBR
[2026-02-18T23:29:22.836Z] [Agent] [32m[2026-02-18T23:29:22.836Z] [INFO ] [VectorStore][0m Ingested: Meeting summary: CPP Mini WBR
[2026-02-18T23:29:22.852Z] [INFO ] [VectorStore] Ingested: Automatic reply: 2026 ASCS VP Goals Review: CPP
[2026-02-18T23:29:22.852Z] [Agent] [32m[2026-02-18T23:29:22.852Z] [INFO ] [VectorStore][0m Ingested: Automatic reply: 2026 ASCS VP Goals Review: CPP
[2026-02-18T23:29:22.859Z] [ERROR] [VectorStore] Failed to generate embedding with nomic-embed-text: the input length exceeds the context length
[2026-02-18T23:29:22.859Z] [Agent] [31m[2026-02-18T23:29:22.859Z] [ERROR] [VectorStore][0m Failed to generate embedding with nomic-embed-text: the input length exceeds the context length
[2026-02-18T23:29:22.859Z] [Agent] [31m[2026-02-18T23:29:22.859Z] [ERROR] [VectorStore][0m Ingestion failed for FW: 2026 ASCS VP Goals Review: CPP: the input length exceeds the context length
[2026-02-18T23:29:22.859Z] [ERROR] [VectorStore] Ingestion failed for FW: 2026 ASCS VP Goals Review: CPP: the input length exceeds the context length
[2026-02-18T23:29:22.875Z] [INFO ] [VectorStore] Ingested: EE - Sync up on Steel thread 
[2026-02-18T23:29:22.875Z] [Agent] [32m[2026-02-18T23:29:22.875Z] [INFO ] [VectorStore][0m Ingested: EE - Sync up on Steel thread
[2026-02-18T23:29:49.182Z] [INFO ] [AI] Searching RAG for meeting: "1-1 Yash: Sankalp"
[2026-02-18T23:29:49.237Z] [INFO ] [AI] Using Ollama model: 'llama3' at http://127.0.0.1:11434
[2026-02-18T23:29:52.821Z] [INFO ] [AI] Using Ollama model: 'llama3' at http://127.0.0.1:11434
[2026-02-18T23:29:56.470Z] [INFO ] [AI] Searching RAG for meeting: "Embedding Excellence: UFC focus [weekly]"
[2026-02-18T23:29:56.539Z] [INFO ] [AI] Using Ollama model: 'llama3' at http://127.0.0.1:11434
[2026-02-18T23:30:00.009Z] [INFO ] [Agent] Starting Background Sync...
[2026-02-18T23:30:00.010Z] [Agent] [32m[2026-02-18T23:30:00.009Z] [INFO ] [Agent][0m Starting Background Sync...
[2026-02-18T23:30:00.010Z] [Agent] [32m[2026-02-18T23:30:00.010Z] [INFO ] [Agent][0m Last Sync: 2026-02-18T23:29:22.875Z
[2026-02-18T23:30:00.010Z] [INFO ] [Agent] Last Sync: 2026-02-18T23:29:22.875Z
[2026-02-18T23:30:02.308Z] [INFO ] [AI] Searching RAG for meeting: "Artemis TP Coverage: UX / Authoring Support"
[2026-02-18T23:30:02.324Z] [INFO ] [AI] Using Ollama model: 'llama3' at http://127.0.0.1:11434
[2026-02-18T23:30:04.829Z] [INFO ] [AI] Using Ollama model: 'llama3' at http://127.0.0.1:11434
[2026-02-18T23:30:07.156Z] [INFO ] [AI] Searching RAG for meeting: "AMS Rearchitecture Plan review"
[2026-02-18T23:30:07.205Z] [INFO ] [AI] Using Ollama model: 'llama3' at http://127.0.0.1:11434
[2026-02-18T23:30:14.814Z] [INFO ] [AI] Searching RAG for meeting: "Surbhi Jain 02/20 OOTO"
[2026-02-18T23:30:14.832Z] [INFO ] [AI] Using Ollama model: 'llama3' at http://127.0.0.1:11434
[2026-02-18T23:30:17.058Z] [INFO ] [AI] Using Ollama model: 'llama3' at http://127.0.0.1:11434
[2026-02-18T23:30:19.009Z] [INFO ] [AI] Searching RAG for meeting: "EE - Sync up on Steel thread "
[2026-02-18T23:30:19.081Z] [INFO ] [AI] Using Ollama model: 'llama3' at http://127.0.0.1:11434
[2026-02-18T23:30:23.752Z] [INFO ] [AI] Using Ollama model: 'llama3' at http://127.0.0.1:11434
[2026-02-18T23:30:26.208Z] [INFO ] [AI] Searching RAG for meeting: "Weekly Sync - Drift Detection"
[2026-02-18T23:30:26.265Z] [INFO ] [AI] Using Ollama model: 'llama3' at http://127.0.0.1:11434
[2026-02-18T23:30:30.422Z] [INFO ] [AI] Using Ollama model: 'llama3' at http://127.0.0.1:11434
[2026-02-18T23:30:33.242Z] [INFO ] [AI] Searching RAG for meeting: "Bi-Weekly Review: WPC Matching "
[2026-02-18T23:30:33.313Z] [INFO ] [AI] Using Ollama model: 'llama3' at http://127.0.0.1:11434
[2026-02-18T23:30:37.068Z] [Agent] Skipping external email: [EXTERNAL] Your Google Account was recovered successfully
[2026-02-18T23:30:37.068Z] [INFO ] [Agent] Fetched 50 raw items. Found 0 NEW emails.
[2026-02-18T23:30:37.068Z] [Agent] Skipping external email: [EXTERNAL] Google Verification Code
Skipping external email: [EXTERNAL] There's still time to enroll in spring sections at the AoPS Online School
Skipping external email: [EXTERNAL] Private equity comes for 401(k)s
Skipping external email: [EXTERNAL] Sankalp, apply now to ‘Engineering Manager of Managers, Document Databases at Stripe’
Skipping external email: [EXTERNAL] Vidya just messaged you
Skipping external email: [EXTERNAL] You have an invitation
Skipping external email: [EXTERNAL] Sankalp, stretch out with a Free Upgrade – including SUVs!
Skipping external email: [EXTERNAL] Alex accepted your invitation, explore their network
Skipping external email: [EXTERNAL] Thursday Webinar: Summer Camps at AoPS Academy
Skipping external email: [EXTERNAL] Carina accepted your invitation, explore their network
[32m[2026-02-18T23:30:37.068Z] [INFO ] [Agent][0m Fetched 50 raw items. Found 0 NEW emails.
[2026-02-18T23:30:37.068Z] [Agent] [32m[2026-02-18T23:30:37.068Z] [INFO ] [Agent][0m No new emails.
[2026-02-18T23:30:37.068Z] [INFO ] [Agent] No new emails.
[2026-02-18T23:30:41.146Z] [INFO ] [AI] Searching RAG for meeting: "CPP Mini WBR"
[2026-02-18T23:30:41.165Z] [INFO ] [AI] Using Ollama model: 'llama3' at http://127.0.0.1:11434
[2026-02-18T23:30:45.156Z] [INFO ] [AI] Searching RAG for meeting: "linld@ OOTO 2/19 - 3/19"
[2026-02-18T23:30:45.173Z] [INFO ] [AI] Using Ollama model: 'llama3' at http://127.0.0.1:11434
[2026-02-18T23:30:50.260Z] [INFO ] [AI] Searching RAG for meeting: "Placeholder Invite - RISC Snowball workshop - BLR - Day 3 (19th Feb)"
[2026-02-18T23:30:50.277Z] [INFO ] [AI] Using Ollama model: 'llama3' at http://127.0.0.1:11434
[2026-02-18T23:30:54.334Z] [INFO ] [AI] Using Ollama model: 'llama3' at http://127.0.0.1:11434
[2026-02-18T23:30:55.939Z] [INFO ] [AI] Searching RAG for meeting: "[Reading] eCF Q4 2025 QBR: ASCS"
[2026-02-18T23:30:56.007Z] [INFO ] [AI] Using Ollama model: 'llama3' at http://127.0.0.1:11434
[2026-02-18T23:31:04.518Z] [INFO ] [AI] Searching RAG for meeting: "[Discussion] eCF Q4 2025 QBR: ASCS"
[2026-02-18T23:31:04.538Z] [INFO ] [AI] Using Ollama model: 'llama3' at http://127.0.0.1:11434
[2026-02-18T23:31:09.645Z] [INFO ] [AI] Searching RAG for meeting: "Artemis Self-Healing: Fallback Phase UX Proposal"
[2026-02-18T23:31:09.663Z] [INFO ] [AI] Using Ollama model: 'llama3' at http://127.0.0.1:11434
[2026-02-18T23:31:14.453Z] [INFO ] [AI] Using Ollama model: 'llama3' at http://127.0.0.1:11434
[2026-02-18T23:31:16.002Z] [INFO ] [AI] Using Ollama model: 'llama3' at http://127.0.0.1:11434
[2026-02-18T23:31:30.952Z] [INFO ] [AI] Using Ollama model: 'llama3' at http://127.0.0.1:11434
[2026-02-18T23:31:41.451Z] [INFO ] [AI] Using Ollama model: 'llama3' at http://127.0.0.1:11434
[2026-02-18T23:45:26.778Z] [Agent Error] [2026-02-18T23:45:26.777Z] [PID: 68756] [32m[NODE-CRON][32m [33m[WARN][0m missed execution at Wed Feb 18 2026 15:45:00 GMT-0800 (Pacific Standard Time)! Possible blocking IO or high CPU user at the same process used by node-cron.
[2026-02-19T00:00:00.009Z] [INFO ] [Agent] Starting Background Sync...
[2026-02-19T00:00:00.010Z] [Agent] [32m[2026-02-19T00:00:00.009Z] [INFO ] [Agent][0m Starting Background Sync...
[2026-02-19T00:00:00.010Z] [Agent] [32m[2026-02-19T00:00:00.009Z] [INFO ] [Agent][0m Last Sync: 2026-02-18T23:29:22.875Z
[2026-02-19T00:00:00.009Z] [INFO ] [Agent] Last Sync: 2026-02-18T23:29:22.875Z
[2026-02-19T00:00:41.363Z] [INFO ] [Agent] Fetched 50 raw items. Found 3 NEW emails.
[2026-02-19T00:00:41.363Z] [Agent] Skipping external email: [EXTERNAL] Your Google Account was recovered successfully
Skipping external email: [EXTERNAL] Google Verification Code
[2026-02-19T00:00:41.363Z] [Agent] Skipping external email: [EXTERNAL] There's still time to enroll in spring sections at the AoPS Online School
Skipping external email: [EXTERNAL] Private equity comes for 401(k)s
Skipping external email: [EXTERNAL] Sankalp, apply now to ‘Engineering Manager of Managers, Document Databases at Stripe’
Skipping external email: [EXTERNAL] Vidya just messaged you
Skipping external email: [EXTERNAL] You have an invitation
Skipping external email: [EXTERNAL] Sankalp, stretch out with a Free Upgrade – including SUVs!
Skipping external email: [EXTERNAL] Alex accepted your invitation, explore their network
Skipping external email: [EXTERNAL] Thursday Webinar: Summer Camps at AoPS Academy
[32m[2026-02-19T00:00:41.363Z] [INFO ] [Agent][0m Fetched 50 raw items. Found 3 NEW emails.
[32m[2026-02-19T00:00:41.363Z] [INFO ] [Agent][0m Ingesting 3 emails into Vector Store...
[2026-02-19T00:00:41.363Z] [INFO ] [Agent] Ingesting 3 emails into Vector Store...
[2026-02-19T00:00:41.840Z] [INFO ] [VectorStore] Ingested: SIM V2103421078 Upgraded Sev2 - [ALARM] [us-east-1] UIFCFeatureCatalogDataset.Ingestion.SEV3.Composite.PROD.Alarm
[2026-02-19T00:00:41.840Z] [Agent] [32m[2026-02-19T00:00:41.840Z] [INFO ] [VectorStore][0m Ingested: SIM V2103421078 Upgraded Sev2 - [ALARM] [us-east-1] UIFCFeatureCatalogDataset.Ingestion.SEV3.Composite.PROD.Alarm
[2026-02-19T00:00:41.937Z] [INFO ] [VectorStore] Ingested: Artemis TP Coverage: UX / Authoring Support Closure
[2026-02-19T00:00:41.938Z] [Agent] [32m[2026-02-19T00:00:41.937Z] [INFO ] [VectorStore][0m Ingested: Artemis TP Coverage: UX / Authoring Support Closure
[2026-02-19T00:00:42.022Z] [INFO ] [VectorStore] Ingested: Meeting summary: Artemis TP Coverage: UX / Authoring Support
[2026-02-19T00:00:42.022Z] [Agent] [32m[2026-02-19T00:00:42.022Z] [INFO ] [VectorStore][0m Ingested: Meeting summary: Artemis TP Coverage: UX / Authoring Support
[2026-02-19T00:15:00.003Z] [INFO ] [Agent] Starting Background Sync...
[2026-02-19T00:15:00.003Z] [Agent] [32m[2026-02-19T00:15:00.003Z] [INFO ] [Agent][0m Starting Background Sync...
[2026-02-19T00:15:00.004Z] [Agent] [32m[2026-02-19T00:15:00.003Z] [INFO ] [Agent][0m Last Sync: 2026-02-19T00:00:42.022Z
[2026-02-19T00:15:00.003Z] [INFO ] [Agent] Last Sync: 2026-02-19T00:00:42.022Z
[2026-02-19T00:16:02.371Z] [INFO ] [AI] Searching RAG for meeting: "Surbhi Jain 02/20 OOTO"
[2026-02-19T00:16:02.535Z] [INFO ] [Agent] Fetched 50 raw items. Found 1 NEW emails.
[2026-02-19T00:16:02.535Z] [Agent] Skipping external email: [EXTERNAL] Your Google Account was recovered successfully
Skipping external email: [EXTERNAL] Google Verification Code
[2026-02-19T00:16:02.535Z] [Agent] Skipping external email: [EXTERNAL] There's still time to enroll in spring sections at the AoPS Online School
Skipping external email: [EXTERNAL] Private equity comes for 401(k)s
Skipping external email: [EXTERNAL] Sankalp, apply now to ‘Engineering Manager of Managers, Document Databases at Stripe’
Skipping external email: [EXTERNAL] Vidya just messaged you
Skipping external email: [EXTERNAL] You have an invitation
Skipping external email: [EXTERNAL] Sankalp, stretch out with a Free Upgrade – including SUVs!
Skipping external email: [EXTERNAL] Alex accepted your invitation, explore their network
Skipping external email: [EXTERNAL] Thursday Webinar: Summer Camps at AoPS Academy
[32m[2026-02-19T00:16:02.535Z] [INFO ] [Agent][0m Fetched 50 raw items. Found 1 NEW emails.
[32m[2026-02-19T00:16:02.535Z] [INFO ] [Agent][0m Ingesting 1 emails into Vector Store...
[2026-02-19T00:16:02.535Z] [INFO ] [Agent] Ingesting 1 emails into Vector Store...
[2026-02-19T00:16:02.870Z] [INFO ] [AI] Using Ollama model: 'llama3' at http://127.0.0.1:11434
[2026-02-19T00:16:02.926Z] [INFO ] [VectorStore] Ingested: Meeting summary: AMS Rearchitecture Plan review
[2026-02-19T00:16:02.926Z] [Agent] [32m[2026-02-19T00:16:02.926Z] [INFO ] [VectorStore][0m Ingested: Meeting summary: AMS Rearchitecture Plan review
[2026-02-19T00:16:08.078Z] [INFO ] [AI] Searching RAG for meeting: "Artemis TP Coverage: UX / Authoring Support Closure"
[2026-02-19T00:16:08.096Z] [INFO ] [AI] Using Ollama model: 'llama3' at http://127.0.0.1:11434
[2026-02-19T00:16:12.427Z] [INFO ] [AI] Searching RAG for meeting: "1-1 Yash: Sankalp"
[2026-02-19T00:16:12.444Z] [INFO ] [AI] Using Ollama model: 'llama3' at http://127.0.0.1:11434
[2026-02-19T00:16:17.607Z] [INFO ] [AI] Searching RAG for meeting: "Embedding Excellence: UFC focus [weekly]"
[2026-02-19T00:16:17.623Z] [INFO ] [AI] Using Ollama model: 'llama3' at http://127.0.0.1:11434
[2026-02-19T00:16:22.286Z] [INFO ] [AI] Searching RAG for meeting: "Artemis TP Coverage: UX / Authoring Support"
[2026-02-19T00:16:22.304Z] [INFO ] [AI] Using Ollama model: 'llama3' at http://127.0.0.1:11434
[2026-02-19T00:16:26.963Z] [INFO ] [AI] Searching RAG for meeting: "AMS Rearchitecture Plan review"
[2026-02-19T00:16:26.980Z] [INFO ] [AI] Using Ollama model: 'llama3' at http://127.0.0.1:11434
[2026-02-19T00:16:32.353Z] [INFO ] [AI] Searching RAG for meeting: "EE - Sync up on Steel thread "
[2026-02-19T00:16:32.372Z] [INFO ] [AI] Using Ollama model: 'llama3' at http://127.0.0.1:11434
[2026-02-19T00:16:36.547Z] [INFO ] [AI] Searching RAG for meeting: "Weekly Sync - Drift Detection"
[2026-02-19T00:16:36.564Z] [INFO ] [AI] Using Ollama model: 'llama3' at http://127.0.0.1:11434
[2026-02-19T00:16:40.619Z] [INFO ] [AI] Searching RAG for meeting: "Bi-Weekly Review: WPC Matching "
[2026-02-19T00:16:40.636Z] [INFO ] [AI] Using Ollama model: 'llama3' at http://127.0.0.1:11434
[2026-02-19T00:16:45.075Z] [INFO ] [AI] Searching RAG for meeting: "CPP Mini WBR"
[2026-02-19T00:16:45.091Z] [INFO ] [AI] Using Ollama model: 'llama3' at http://127.0.0.1:11434
[2026-02-19T00:16:49.093Z] [INFO ] [AI] Searching RAG for meeting: "linld@ OOTO 2/19 - 3/19"
[2026-02-19T00:16:49.109Z] [INFO ] [AI] Using Ollama model: 'llama3' at http://127.0.0.1:11434
[2026-02-19T00:16:53.661Z] [INFO ] [AI] Searching RAG for meeting: "Placeholder Invite - RISC Snowball workshop - BLR - Day 3 (19th Feb)"
[2026-02-19T00:16:53.678Z] [INFO ] [AI] Using Ollama model: 'llama3' at http://127.0.0.1:11434
[2026-02-19T00:16:59.526Z] [INFO ] [AI] Searching RAG for meeting: "[Reading] eCF Q4 2025 QBR: ASCS"
[2026-02-19T00:16:59.544Z] [INFO ] [AI] Using Ollama model: 'llama3' at http://127.0.0.1:11434
[2026-02-19T00:17:04.199Z] [INFO ] [AI] Searching RAG for meeting: "[Discussion] eCF Q4 2025 QBR: ASCS"
[2026-02-19T00:17:04.215Z] [INFO ] [AI] Using Ollama model: 'llama3' at http://127.0.0.1:11434
[2026-02-19T00:17:09.229Z] [INFO ] [AI] Searching RAG for meeting: "Artemis Self-Healing: Fallback Phase UX Proposal"
[2026-02-19T00:17:09.247Z] [INFO ] [AI] Using Ollama model: 'llama3' at http://127.0.0.1:11434
[2026-02-19T00:17:13.392Z] [INFO ] [AI] Using Ollama model: 'llama3' at http://127.0.0.1:11434
[2026-02-19T00:17:14.653Z] [INFO ] [AI] Using Ollama model: 'llama3' at http://127.0.0.1:11434
[2026-02-19T00:17:31.916Z] [INFO ] [AI] Using Ollama model: 'llama3' at http://127.0.0.1:11434
[2026-02-19T00:17:34.629Z] [INFO ] [AI] Using Ollama model: 'llama3' at http://127.0.0.1:11434
[2026-02-19T00:21:23.467Z] [INFO ] [AI] Searching RAG for meeting: "Surbhi Jain 02/20 OOTO"
[2026-02-19T00:21:23.532Z] [INFO ] [AI] Using Ollama model: 'llama3' at http://127.0.0.1:11434
[2026-02-19T00:21:28.145Z] [INFO ] [AI] Searching RAG for meeting: "Artemis TP Coverage: UX / Authoring Support Closure"
[2026-02-19T00:21:28.162Z] [INFO ] [AI] Using Ollama model: 'llama3' at http://127.0.0.1:11434
[2026-02-19T00:21:32.790Z] [INFO ] [AI] Searching RAG for meeting: "1-1 Yash: Sankalp"
[2026-02-19T00:21:32.805Z] [INFO ] [AI] Using Ollama model: 'llama3' at http://127.0.0.1:11434
[2026-02-19T00:21:37.656Z] [INFO ] [AI] Searching RAG for meeting: "Embedding Excellence: UFC focus [weekly]"
[2026-02-19T00:21:37.673Z] [INFO ] [AI] Using Ollama model: 'llama3' at http://127.0.0.1:11434
[2026-02-19T00:21:42.506Z] [INFO ] [AI] Searching RAG for meeting: "Artemis TP Coverage: UX / Authoring Support"
[2026-02-19T00:21:42.521Z] [INFO ] [AI] Using Ollama model: 'llama3' at http://127.0.0.1:11434
[2026-02-19T00:21:48.238Z] [INFO ] [AI] Searching RAG for meeting: "AMS Rearchitecture Plan review"
[2026-02-19T00:21:48.252Z] [INFO ] [AI] Using Ollama model: 'llama3' at http://127.0.0.1:11434
[2026-02-19T00:21:53.147Z] [INFO ] [AI] Searching RAG for meeting: "EE - Sync up on Steel thread "
[2026-02-19T00:21:53.164Z] [INFO ] [AI] Using Ollama model: 'llama3' at http://127.0.0.1:11434
[2026-02-19T00:21:57.696Z] [INFO ] [AI] Searching RAG for meeting: "Weekly Sync - Drift Detection"
[2026-02-19T00:21:57.712Z] [INFO ] [AI] Using Ollama model: 'llama3' at http://127.0.0.1:11434
[2026-02-19T00:22:01.582Z] [INFO ] [AI] Searching RAG for meeting: "Bi-Weekly Review: WPC Matching "
[2026-02-19T00:22:01.596Z] [INFO ] [AI] Using Ollama model: 'llama3' at http://127.0.0.1:11434
[2026-02-19T00:22:03.574Z] [INFO ] [AI] Searching RAG for meeting: "Surbhi Jain 02/20 OOTO"
[2026-02-19T00:22:03.588Z] [INFO ] [AI] Using Ollama model: 'llama3' at http://127.0.0.1:11434
[2026-02-19T00:22:05.854Z] [INFO ] [AI] Searching RAG for meeting: "CPP Mini WBR"
[2026-02-19T00:22:05.899Z] [INFO ] [AI] Using Ollama model: 'llama3' at http://127.0.0.1:11434
[2026-02-19T00:22:10.243Z] [INFO ] [AI] Searching RAG for meeting: "Artemis TP Coverage: UX / Authoring Support Closure"
[2026-02-19T00:22:10.305Z] [INFO ] [AI] Using Ollama model: 'llama3' at http://127.0.0.1:11434
[2026-02-19T00:22:13.914Z] [INFO ] [AI] Searching RAG for meeting: "linld@ OOTO 2/19 - 3/19"
[2026-02-19T00:22:13.984Z] [INFO ] [AI] Using Ollama model: 'llama3' at http://127.0.0.1:11434
[2026-02-19T00:22:18.886Z] [INFO ] [AI] Searching RAG for meeting: "1-1 Yash: Sankalp"
[2026-02-19T00:22:18.933Z] [INFO ] [AI] Using Ollama model: 'llama3' at http://127.0.0.1:11434
[2026-02-19T00:22:23.490Z] [INFO ] [AI] Searching RAG for meeting: "Placeholder Invite - RISC Snowball workshop - BLR - Day 3 (19th Feb)"
[2026-02-19T00:22:23.557Z] [INFO ] [AI] Using Ollama model: 'llama3' at http://127.0.0.1:11434
[2026-02-19T00:22:28.043Z] [INFO ] [AI] Searching RAG for meeting: "Embedding Excellence: UFC focus [weekly]"
[2026-02-19T00:22:28.115Z] [INFO ] [AI] Using Ollama model: 'llama3' at http://127.0.0.1:11434
[2026-02-19T00:22:30.426Z] [INFO ] [AI] Searching RAG for meeting: "Surbhi Jain 02/20 OOTO"
[2026-02-19T00:22:30.452Z] [INFO ] [AI] Using Ollama model: 'llama3' at http://127.0.0.1:11434
[2026-02-19T00:22:32.970Z] [INFO ] [AI] Searching RAG for meeting: "[Reading] eCF Q4 2025 QBR: ASCS"
[2026-02-19T00:22:33.041Z] [INFO ] [AI] Using Ollama model: 'llama3' at http://127.0.0.1:11434
[2026-02-19T00:22:37.628Z] [INFO ] [AI] Searching RAG for meeting: "Artemis TP Coverage: UX / Authoring Support"
[2026-02-19T00:22:37.697Z] [INFO ] [AI] Using Ollama model: 'llama3' at http://127.0.0.1:11434
[2026-02-19T00:22:42.525Z] [INFO ] [AI] Searching RAG for meeting: "Artemis TP Coverage: UX / Authoring Support Closure"
[2026-02-19T00:22:42.590Z] [INFO ] [AI] Using Ollama model: 'llama3' at http://127.0.0.1:11434
[2026-02-19T00:22:47.015Z] [INFO ] [AI] Searching RAG for meeting: "[Discussion] eCF Q4 2025 QBR: ASCS"
[2026-02-19T00:22:47.081Z] [INFO ] [AI] Using Ollama model: 'llama3' at http://127.0.0.1:11434
[2026-02-19T00:22:52.070Z] [INFO ] [AI] Searching RAG for meeting: "AMS Rearchitecture Plan review"
[2026-02-19T00:22:52.114Z] [INFO ] [AI] Using Ollama model: 'llama3' at http://127.0.0.1:11434
[2026-02-19T00:22:56.716Z] [INFO ] [AI] Searching RAG for meeting: "1-1 Yash: Sankalp"
[2026-02-19T00:22:56.762Z] [INFO ] [AI] Using Ollama model: 'llama3' at http://127.0.0.1:11434
[2026-02-19T00:23:00.993Z] [INFO ] [AI] Searching RAG for meeting: "Artemis Self-Healing: Fallback Phase UX Proposal"
[2026-02-19T00:23:01.060Z] [INFO ] [AI] Using Ollama model: 'llama3' at http://127.0.0.1:11434
[2026-02-19T00:23:06.083Z] [INFO ] [AI] Searching RAG for meeting: "EE - Sync up on Steel thread "
[2026-02-19T00:23:06.157Z] [INFO ] [AI] Using Ollama model: 'llama3' at http://127.0.0.1:11434
[2026-02-19T00:23:11.403Z] [INFO ] [AI] Searching RAG for meeting: "Embedding Excellence: UFC focus [weekly]"
[2026-02-19T00:23:11.472Z] [INFO ] [AI] Using Ollama model: 'llama3' at http://127.0.0.1:11434
[2026-02-19T00:23:19.739Z] [INFO ] [AI] Searching RAG for meeting: "Weekly Sync - Drift Detection"
[2026-02-19T00:23:19.786Z] [INFO ] [AI] Using Ollama model: 'llama3' at http://127.0.0.1:11434
[2026-02-19T00:23:24.369Z] [INFO ] [AI] Searching RAG for meeting: "Artemis TP Coverage: UX / Authoring Support"
[2026-02-19T00:23:24.431Z] [INFO ] [AI] Using Ollama model: 'llama3' at http://127.0.0.1:11434
[2026-02-19T00:23:28.506Z] [INFO ] [AI] Searching RAG for meeting: "Bi-Weekly Review: WPC Matching "
[2026-02-19T00:23:28.573Z] [INFO ] [AI] Using Ollama model: 'llama3' at http://127.0.0.1:11434
[2026-02-19T00:23:33.634Z] [INFO ] [AI] Searching RAG for meeting: "AMS Rearchitecture Plan review"
[2026-02-19T00:23:33.676Z] [INFO ] [AI] Using Ollama model: 'llama3' at http://127.0.0.1:11434
[2026-02-19T00:23:37.910Z] [INFO ] [AI] Searching RAG for meeting: "CPP Mini WBR"
[2026-02-19T00:23:37.955Z] [INFO ] [AI] Using Ollama model: 'llama3' at http://127.0.0.1:11434
[2026-02-19T00:23:42.764Z] [INFO ] [AI] Searching RAG for meeting: "EE - Sync up on Steel thread "
[2026-02-19T00:23:42.826Z] [INFO ] [AI] Using Ollama model: 'llama3' at http://127.0.0.1:11434
[2026-02-19T00:23:47.212Z] [INFO ] [AI] Searching RAG for meeting: "linld@ OOTO 2/19 - 3/19"
[2026-02-19T00:23:47.278Z] [INFO ] [AI] Using Ollama model: 'llama3' at http://127.0.0.1:11434
[2026-02-19T00:23:51.181Z] [INFO ] [AI] Searching RAG for meeting: "Weekly Sync - Drift Detection"
[2026-02-19T00:23:51.225Z] [INFO ] [AI] Using Ollama model: 'llama3' at http://127.0.0.1:11434
[2026-02-19T00:23:55.147Z] [INFO ] [AI] Searching RAG for meeting: "Placeholder Invite - RISC Snowball workshop - BLR - Day 3 (19th Feb)"
[2026-02-19T00:23:55.222Z] [INFO ] [AI] Using Ollama model: 'llama3' at http://127.0.0.1:11434
[2026-02-19T00:23:59.530Z] [INFO ] [AI] Searching RAG for meeting: "Bi-Weekly Review: WPC Matching "
[2026-02-19T00:23:59.593Z] [INFO ] [AI] Using Ollama model: 'llama3' at http://127.0.0.1:11434
[2026-02-19T00:24:07.275Z] [INFO ] [AI] Searching RAG for meeting: "Surbhi Jain 02/20 OOTO"
[2026-02-19T00:24:07.345Z] [INFO ] [AI] Using Ollama model: 'llama3' at http://127.0.0.1:11434
[2026-02-19T00:24:11.809Z] [INFO ] [AI] Searching RAG for meeting: "Artemis TP Coverage: UX / Authoring Support Closure"
[2026-02-19T00:24:11.827Z] [INFO ] [AI] Using Ollama model: 'llama3' at http://127.0.0.1:11434
[2026-02-19T00:24:13.876Z] [INFO ] [AI] Searching RAG for meeting: "Surbhi Jain 02/20 OOTO"
[2026-02-19T00:24:13.895Z] [INFO ] [AI] Using Ollama model: 'llama3' at http://127.0.0.1:11434
[2026-02-19T00:24:16.959Z] [INFO ] [AI] Searching RAG for meeting: "1-1 Yash: Sankalp"
[2026-02-19T00:24:17.005Z] [INFO ] [AI] Using Ollama model: 'llama3' at http://127.0.0.1:11434
[2026-02-19T00:24:21.480Z] [INFO ] [AI] Searching RAG for meeting: "Artemis TP Coverage: UX / Authoring Support Closure"
[2026-02-19T00:24:21.544Z] [INFO ] [AI] Using Ollama model: 'llama3' at http://127.0.0.1:11434
[2026-02-19T00:24:25.973Z] [INFO ] [AI] Searching RAG for meeting: "Embedding Excellence: UFC focus [weekly]"
[2026-02-19T00:24:26.038Z] [INFO ] [AI] Using Ollama model: 'llama3' at http://127.0.0.1:11434
[2026-02-19T00:24:31.010Z] [INFO ] [AI] Searching RAG for meeting: "1-1 Yash: Sankalp"
[2026-02-19T00:24:31.057Z] [INFO ] [AI] Using Ollama model: 'llama3' at http://127.0.0.1:11434
[2026-02-19T00:24:34.897Z] [INFO ] [AI] Searching RAG for meeting: "Artemis TP Coverage: UX / Authoring Support"
[2026-02-19T00:24:34.962Z] [INFO ] [AI] Using Ollama model: 'llama3' at http://127.0.0.1:11434
[2026-02-19T00:24:40.514Z] [INFO ] [AI] Searching RAG for meeting: "Embedding Excellence: UFC focus [weekly]"
[2026-02-19T00:24:40.586Z] [INFO ] [AI] Using Ollama model: 'llama3' at http://127.0.0.1:11434
[2026-02-19T00:24:45.237Z] [INFO ] [AI] Searching RAG for meeting: "AMS Rearchitecture Plan review"
[2026-02-19T00:24:45.280Z] [INFO ] [AI] Using Ollama model: 'llama3' at http://127.0.0.1:11434
[2026-02-19T00:24:49.660Z] [INFO ] [AI] Searching RAG for meeting: "Artemis TP Coverage: UX / Authoring Support"
[2026-02-19T00:24:49.727Z] [INFO ] [AI] Using Ollama model: 'llama3' at http://127.0.0.1:11434
[2026-02-19T00:24:54.600Z] [INFO ] [AI] Searching RAG for meeting: "EE - Sync up on Steel thread "
[2026-02-19T00:24:54.664Z] [INFO ] [AI] Using Ollama model: 'llama3' at http://127.0.0.1:11434
[2026-02-19T00:24:59.053Z] [INFO ] [AI] Searching RAG for meeting: "AMS Rearchitecture Plan review"
[2026-02-19T00:24:59.099Z] [INFO ] [AI] Using Ollama model: 'llama3' at http://127.0.0.1:11434
[2026-02-19T00:25:03.393Z] [INFO ] [AI] Searching RAG for meeting: "Weekly Sync - Drift Detection"
[2026-02-19T00:25:03.448Z] [INFO ] [AI] Using Ollama model: 'llama3' at http://127.0.0.1:11434
[2026-02-19T00:25:08.436Z] [INFO ] [AI] Searching RAG for meeting: "EE - Sync up on Steel thread "
[2026-02-19T00:25:08.505Z] [INFO ] [AI] Using Ollama model: 'llama3' at http://127.0.0.1:11434
[2026-02-19T00:25:12.580Z] [INFO ] [AI] Searching RAG for meeting: "Bi-Weekly Review: WPC Matching "
[2026-02-19T00:25:12.645Z] [INFO ] [AI] Using Ollama model: 'llama3' at http://127.0.0.1:11434
[2026-02-19T00:25:16.895Z] [INFO ] [AI] Searching RAG for meeting: "Weekly Sync - Drift Detection"
[2026-02-19T00:25:16.939Z] [INFO ] [AI] Using Ollama model: 'llama3' at http://127.0.0.1:11434
[2026-02-19T00:25:20.950Z] [INFO ] [AI] Searching RAG for meeting: "CPP Mini WBR"
[2026-02-19T00:25:20.995Z] [INFO ] [AI] Using Ollama model: 'llama3' at http://127.0.0.1:11434
[2026-02-19T00:25:25.009Z] [INFO ] [AI] Searching RAG for meeting: "Bi-Weekly Review: WPC Matching "
[2026-02-19T00:25:25.074Z] [INFO ] [AI] Using Ollama model: 'llama3' at http://127.0.0.1:11434
[2026-02-19T00:25:29.354Z] [INFO ] [AI] Searching RAG for meeting: "linld@ OOTO 2/19 - 3/19"
[2026-02-19T00:25:29.417Z] [INFO ] [AI] Using Ollama model: 'llama3' at http://127.0.0.1:11434
[2026-02-19T00:25:33.821Z] [INFO ] [AI] Searching RAG for meeting: "CPP Mini WBR"
[2026-02-19T00:25:33.861Z] [INFO ] [AI] Using Ollama model: 'llama3' at http://127.0.0.1:11434
[2026-02-19T00:25:38.061Z] [INFO ] [AI] Searching RAG for meeting: "Placeholder Invite - RISC Snowball workshop - BLR - Day 3 (19th Feb)"
[2026-02-19T00:25:38.131Z] [INFO ] [AI] Using Ollama model: 'llama3' at http://127.0.0.1:11434
[2026-02-19T00:25:41.870Z] [INFO ] [AI] Searching RAG for meeting: "linld@ OOTO 2/19 - 3/19"
[2026-02-19T00:25:41.935Z] [INFO ] [AI] Using Ollama model: 'llama3' at http://127.0.0.1:11434
[2026-02-19T00:25:46.930Z] [INFO ] [AI] Searching RAG for meeting: "[Reading] eCF Q4 2025 QBR: ASCS"
[2026-02-19T00:25:46.996Z] [INFO ] [AI] Using Ollama model: 'llama3' at http://127.0.0.1:11434
[2026-02-19T00:25:51.395Z] [INFO ] [AI] Searching RAG for meeting: "Placeholder Invite - RISC Snowball workshop - BLR - Day 3 (19th Feb)"
[2026-02-19T00:25:51.469Z] [INFO ] [AI] Using Ollama model: 'llama3' at http://127.0.0.1:11434
[2026-02-19T00:25:55.519Z] [INFO ] [AI] Searching RAG for meeting: "[Discussion] eCF Q4 2025 QBR: ASCS"
[2026-02-19T00:25:55.585Z] [INFO ] [AI] Using Ollama model: 'llama3' at http://127.0.0.1:11434
[2026-02-19T00:26:00.452Z] [INFO ] [AI] Searching RAG for meeting: "[Reading] eCF Q4 2025 QBR: ASCS"
[2026-02-19T00:26:00.518Z] [INFO ] [AI] Using Ollama model: 'llama3' at http://127.0.0.1:11434
[2026-02-19T00:26:05.427Z] [INFO ] [AI] Searching RAG for meeting: "Artemis Self-Healing: Fallback Phase UX Proposal"
[2026-02-19T00:26:05.492Z] [INFO ] [AI] Using Ollama model: 'llama3' at http://127.0.0.1:11434
[2026-02-19T00:26:09.796Z] [INFO ] [AI] Searching RAG for meeting: "[Discussion] eCF Q4 2025 QBR: ASCS"
[2026-02-19T00:26:09.860Z] [INFO ] [AI] Using Ollama model: 'llama3' at http://127.0.0.1:11434
[2026-02-19T00:26:19.526Z] [INFO ] [AI] Searching RAG for meeting: "Artemis Self-Healing: Fallback Phase UX Proposal"
[2026-02-19T00:26:19.541Z] [INFO ] [AI] Using Ollama model: 'llama3' at http://127.0.0.1:11434
[2026-02-19T00:26:23.876Z] [INFO ] [AI] Searching RAG for meeting: "Surbhi Jain 02/20 OOTO"
[2026-02-19T00:26:23.896Z] [INFO ] [AI] Using Ollama model: 'llama3' at http://127.0.0.1:11434
[2026-02-19T00:26:23.930Z] [INFO ] [AI] Using Ollama model: 'llama3' at http://127.0.0.1:11434
[2026-02-19T00:26:25.611Z] [INFO ] [AI] Using Ollama model: 'llama3' at http://127.0.0.1:11434
[2026-02-19T00:26:36.123Z] [INFO ] [AI] Searching RAG for meeting: "Artemis TP Coverage: UX / Authoring Support Closure"
[2026-02-19T00:26:36.188Z] [INFO ] [AI] Using Ollama model: 'llama3' at http://127.0.0.1:11434
[2026-02-19T00:26:54.380Z] [INFO ] [AI] Searching RAG for meeting: "Surbhi Jain 02/20 OOTO"
[2026-02-19T00:26:54.452Z] [INFO ] [AI] Using Ollama model: 'llama3' at http://127.0.0.1:11434
[2026-02-19T00:26:58.833Z] [INFO ] [AI] Searching RAG for meeting: "Artemis TP Coverage: UX / Authoring Support Closure"
[2026-02-19T00:26:58.852Z] [INFO ] [AI] Using Ollama model: 'llama3' at http://127.0.0.1:11434
[2026-02-19T00:27:04.115Z] [INFO ] [AI] Searching RAG for meeting: "1-1 Yash: Sankalp"
[2026-02-19T00:27:04.132Z] [INFO ] [AI] Using Ollama model: 'llama3' at http://127.0.0.1:11434
[2026-02-19T00:27:09.407Z] [INFO ] [AI] Searching RAG for meeting: "Embedding Excellence: UFC focus [weekly]"
[2026-02-19T00:27:09.424Z] [INFO ] [AI] Using Ollama model: 'llama3' at http://127.0.0.1:11434
[2026-02-19T00:27:14.734Z] [INFO ] [AI] Searching RAG for meeting: "Artemis TP Coverage: UX / Authoring Support"
[2026-02-19T00:27:14.754Z] [INFO ] [AI] Using Ollama model: 'llama3' at http://127.0.0.1:11434
[2026-02-19T00:27:19.396Z] [INFO ] [AI] Searching RAG for meeting: "AMS Rearchitecture Plan review"
[2026-02-19T00:27:19.411Z] [INFO ] [AI] Using Ollama model: 'llama3' at http://127.0.0.1:11434
[2026-02-19T00:27:24.710Z] [INFO ] [AI] Searching RAG for meeting: "EE - Sync up on Steel thread "
[2026-02-19T00:27:24.729Z] [INFO ] [AI] Using Ollama model: 'llama3' at http://127.0.0.1:11434
[2026-02-19T00:27:29.386Z] [INFO ] [AI] Searching RAG for meeting: "Weekly Sync - Drift Detection"
[2026-02-19T00:27:29.402Z] [INFO ] [AI] Using Ollama model: 'llama3' at http://127.0.0.1:11434
[2026-02-19T00:27:33.426Z] [INFO ] [AI] Searching RAG for meeting: "Bi-Weekly Review: WPC Matching "
[2026-02-19T00:27:33.444Z] [INFO ] [AI] Using Ollama model: 'llama3' at http://127.0.0.1:11434
[2026-02-19T00:27:37.691Z] [INFO ] [AI] Searching RAG for meeting: "CPP Mini WBR"
[2026-02-19T00:27:37.707Z] [INFO ] [AI] Using Ollama model: 'llama3' at http://127.0.0.1:11434
[2026-02-19T00:27:41.767Z] [INFO ] [AI] Searching RAG for meeting: "linld@ OOTO 2/19 - 3/19"
[2026-02-19T00:27:41.785Z] [INFO ] [AI] Using Ollama model: 'llama3' at http://127.0.0.1:11434
[2026-02-19T00:27:45.874Z] [INFO ] [AI] Searching RAG for meeting: "Placeholder Invite - RISC Snowball workshop - BLR - Day 3 (19th Feb)"
[2026-02-19T00:27:45.891Z] [INFO ] [AI] Using Ollama model: 'llama3' at http://127.0.0.1:11434
[2026-02-19T00:27:50.646Z] [INFO ] [AI] Searching RAG for meeting: "[Reading] eCF Q4 2025 QBR: ASCS"
[2026-02-19T00:27:50.665Z] [INFO ] [AI] Using Ollama model: 'llama3' at http://127.0.0.1:11434
[2026-02-19T00:27:55.077Z] [INFO ] [AI] Searching RAG for meeting: "[Discussion] eCF Q4 2025 QBR: ASCS"
[2026-02-19T00:27:55.095Z] [INFO ] [AI] Using Ollama model: 'llama3' at http://127.0.0.1:11434
[2026-02-19T00:28:00.261Z] [INFO ] [AI] Searching RAG for meeting: "Artemis Self-Healing: Fallback Phase UX Proposal"
[2026-02-19T00:28:00.278Z] [INFO ] [AI] Using Ollama model: 'llama3' at http://127.0.0.1:11434
[2026-02-19T00:28:05.212Z] [INFO ] [AI] Using Ollama model: 'llama3' at http://127.0.0.1:11434
[2026-02-19T00:28:07.988Z] [INFO ] [AI] Using Ollama model: 'llama3' at http://127.0.0.1:11434
[2026-02-19T00:28:08.571Z] [INFO ] [AI] Using Ollama model: 'llama3' at http://127.0.0.1:11434
[2026-02-19T00:28:33.639Z] [INFO ] [AI] Searching RAG for meeting: "Surbhi Jain 02/20 OOTO"
[2026-02-19T00:28:33.680Z] [INFO ] [AI] Using Ollama model: 'llama3' at http://127.0.0.1:11434
[2026-02-19T00:28:38.096Z] [INFO ] [AI] Using Ollama model: 'llama3' at http://127.0.0.1:11434
[2026-02-19T00:28:39.150Z] [INFO ] [AI] Searching RAG for meeting: "Artemis TP Coverage: UX / Authoring Support Closure"
[2026-02-19T00:28:39.203Z] [INFO ] [AI] Using Ollama model: 'llama3' at http://127.0.0.1:11434
[2026-02-19T00:28:52.632Z] [INFO ] [AI] Searching RAG for meeting: "1-1 Yash: Sankalp"
[2026-02-19T00:28:52.647Z] [INFO ] [AI] Using Ollama model: 'llama3' at http://127.0.0.1:11434
[2026-02-19T00:28:58.562Z] [INFO ] [AI] Searching RAG for meeting: "Surbhi Jain 02/20 OOTO"
[2026-02-19T00:28:58.604Z] [INFO ] [AI] Using Ollama model: 'llama3' at http://127.0.0.1:11434
[2026-02-19T00:28:59.021Z] [INFO ] [AI] Searching RAG for meeting: "Embedding Excellence: UFC focus [weekly]"
[2026-02-19T00:28:59.068Z] [INFO ] [AI] Using Ollama model: 'llama3' at http://127.0.0.1:11434
[2026-02-19T00:29:04.326Z] [INFO ] [AI] Searching RAG for meeting: "Artemis TP Coverage: UX / Authoring Support Closure"
[2026-02-19T00:29:04.390Z] [INFO ] [AI] Using Ollama model: 'llama3' at http://127.0.0.1:11434
[2026-02-19T00:29:05.711Z] [INFO ] [AI] Searching RAG for meeting: "Surbhi Jain 02/20 OOTO"
[2026-02-19T00:29:05.749Z] [INFO ] [AI] Using Ollama model: 'llama3' at http://127.0.0.1:11434
[2026-02-19T00:29:09.849Z] [INFO ] [AI] Searching RAG for meeting: "Artemis TP Coverage: UX / Authoring Support"
[2026-02-19T00:29:09.900Z] [INFO ] [AI] Using Ollama model: 'llama3' at http://127.0.0.1:11434
[2026-02-19T00:29:15.303Z] [INFO ] [AI] Searching RAG for meeting: "1-1 Yash: Sankalp"
[2026-02-19T00:29:15.347Z] [INFO ] [AI] Using Ollama model: 'llama3' at http://127.0.0.1:11434
[2026-02-19T00:29:20.629Z] [INFO ] [AI] Searching RAG for meeting: "Artemis TP Coverage: UX / Authoring Support Closure"
[2026-02-19T00:29:20.678Z] [INFO ] [AI] Using Ollama model: 'llama3' at http://127.0.0.1:11434
[2026-02-19T00:29:25.311Z] [INFO ] [AI] Searching RAG for meeting: "AMS Rearchitecture Plan review"
[2026-02-19T00:29:25.352Z] [INFO ] [AI] Using Ollama model: 'llama3' at http://127.0.0.1:11434
[2026-02-19T00:29:30.780Z] [INFO ] [AI] Searching RAG for meeting: "Embedding Excellence: UFC focus [weekly]"
[2026-02-19T00:29:30.832Z] [INFO ] [AI] Using Ollama model: 'llama3' at http://127.0.0.1:11434
[2026-02-19T00:29:36.387Z] [INFO ] [AI] Searching RAG for meeting: "1-1 Yash: Sankalp"
[2026-02-19T00:29:36.432Z] [INFO ] [AI] Using Ollama model: 'llama3' at http://127.0.0.1:11434
[2026-02-19T00:29:41.709Z] [INFO ] [AI] Searching RAG for meeting: "EE - Sync up on Steel thread "
[2026-02-19T00:29:41.787Z] [INFO ] [AI] Using Ollama model: 'llama3' at http://127.0.0.1:11434
[2026-02-19T00:29:45.981Z] [INFO ] [AI] Searching RAG for meeting: "Artemis TP Coverage: UX / Authoring Support"
[2026-02-19T00:29:46.050Z] [INFO ] [AI] Using Ollama model: 'llama3' at http://127.0.0.1:11434
[2026-02-19T00:29:50.878Z] [INFO ] [AI] Searching RAG for meeting: "Embedding Excellence: UFC focus [weekly]"
[2026-02-19T00:29:50.944Z] [INFO ] [AI] Using Ollama model: 'llama3' at http://127.0.0.1:11434
[2026-02-19T00:29:55.500Z] [INFO ] [AI] Searching RAG for meeting: "Weekly Sync - Drift Detection"
[2026-02-19T00:29:55.549Z] [INFO ] [AI] Using Ollama model: 'llama3' at http://127.0.0.1:11434
[2026-02-19T00:30:00.010Z] [INFO ] [Agent] Starting Background Sync...
[2026-02-19T00:30:00.010Z] [Agent] [32m[2026-02-19T00:30:00.010Z] [INFO ] [Agent][0m Starting Background Sync...
[2026-02-19T00:30:00.010Z] [Agent] [32m[2026-02-19T00:30:00.010Z] [INFO ] [Agent][0m Last Sync: 2026-02-19T00:16:02.926Z
[2026-02-19T00:30:00.010Z] [INFO ] [Agent] Last Sync: 2026-02-19T00:16:02.926Z
[2026-02-19T00:30:00.267Z] [INFO ] [AI] Searching RAG for meeting: "AMS Rearchitecture Plan review"
[2026-02-19T00:30:00.307Z] [INFO ] [AI] Using Ollama model: 'llama3' at http://127.0.0.1:11434
[2026-02-19T00:30:05.020Z] [INFO ] [AI] Searching RAG for meeting: "Artemis TP Coverage: UX / Authoring Support"
[2026-02-19T00:30:05.088Z] [INFO ] [AI] Using Ollama model: 'llama3' at http://127.0.0.1:11434
[2026-02-19T00:30:09.664Z] [INFO ] [AI] Searching RAG for meeting: "Bi-Weekly Review: WPC Matching "
[2026-02-19T00:30:09.730Z] [INFO ] [AI] Using Ollama model: 'llama3' at http://127.0.0.1:11434
[2026-02-19T00:30:15.018Z] [INFO ] [AI] Searching RAG for meeting: "EE - Sync up on Steel thread "
[2026-02-19T00:30:15.085Z] [INFO ] [AI] Using Ollama model: 'llama3' at http://127.0.0.1:11434
[2026-02-19T00:30:20.298Z] [INFO ] [AI] Searching RAG for meeting: "AMS Rearchitecture Plan review"
[2026-02-19T00:30:20.339Z] [INFO ] [AI] Using Ollama model: 'llama3' at http://127.0.0.1:11434
[2026-02-19T00:30:24.269Z] [INFO ] [AI] Searching RAG for meeting: "CPP Mini WBR"
[2026-02-19T00:30:24.312Z] [INFO ] [AI] Using Ollama model: 'llama3' at http://127.0.0.1:11434
[2026-02-19T00:31:00.470Z] [INFO ] [AI] Searching RAG for meeting: "Surbhi Jain 02/20 OOTO"
[2026-02-19T00:31:00.545Z] [INFO ] [AI] Using Ollama model: 'llama3' at http://127.0.0.1:11434
[2026-02-19T00:31:00.727Z] [INFO ] [Agent] Fetched 50 raw items. Found 0 NEW emails.
[2026-02-19T00:31:00.727Z] [Agent] Skipping external email: [EXTERNAL] Your AI roundup is here, Sankalp
[2026-02-19T00:31:00.727Z] [INFO ] [Agent] No new emails.
[2026-02-19T00:31:00.727Z] [Agent] Skipping external email: [EXTERNAL] Your Google Account was recovered successfully
Skipping external email: [EXTERNAL] Google Verification Code
Skipping external email: [EXTERNAL] There's still time to enroll in spring sections at the AoPS Online School
Skipping external email: [EXTERNAL] Private equity comes for 401(k)s
Skipping external email: [EXTERNAL] Sankalp, apply now to ‘Engineering Manager of Managers, Document Databases at Stripe’
Skipping external email: [EXTERNAL] Vidya just messaged you
Skipping external email: [EXTERNAL] You have an invitation
Skipping external email: [EXTERNAL] Sankalp, stretch out with a Free Upgrade – including SUVs!
Skipping external email: [EXTERNAL] Alex accepted your invitation, explore their network
[32m[2026-02-19T00:31:00.727Z] [INFO ] [Agent][0m Fetched 50 raw items. Found 0 NEW emails.
[32m[2026-02-19T00:31:00.727Z] [INFO ] [Agent][0m No new emails.
[2026-02-19T00:31:05.569Z] [INFO ] [AI] Searching RAG for meeting: "Artemis TP Coverage: UX / Authoring Support Closure"
[2026-02-19T00:31:05.587Z] [INFO ] [AI] Using Ollama model: 'llama3' at http://127.0.0.1:11434
[2026-02-19T00:31:10.967Z] [INFO ] [AI] Searching RAG for meeting: "1-1 Yash: Sankalp"
[2026-02-19T00:31:10.983Z] [INFO ] [AI] Using Ollama model: 'llama3' at http://127.0.0.1:11434
[2026-02-19T00:31:16.245Z] [INFO ] [AI] Searching RAG for meeting: "Embedding Excellence: UFC focus [weekly]"
[2026-02-19T00:31:16.262Z] [INFO ] [AI] Using Ollama model: 'llama3' at http://127.0.0.1:11434
[2026-02-19T00:31:20.672Z] [INFO ] [AI] Searching RAG for meeting: "Artemis TP Coverage: UX / Authoring Support"
[2026-02-19T00:31:20.690Z] [INFO ] [AI] Using Ollama model: 'llama3' at http://127.0.0.1:11434
[2026-02-19T00:31:25.547Z] [INFO ] [AI] Searching RAG for meeting: "AMS Rearchitecture Plan review"
[2026-02-19T00:31:25.563Z] [INFO ] [AI] Using Ollama model: 'llama3' at http://127.0.0.1:11434
[2026-02-19T00:31:30.504Z] [INFO ] [AI] Searching RAG for meeting: "EE - Sync up on Steel thread "
[2026-02-19T00:31:30.519Z] [INFO ] [AI] Using Ollama model: 'llama3' at http://127.0.0.1:11434
[2026-02-19T00:31:34.365Z] [INFO ] [AI] Searching RAG for meeting: "Weekly Sync - Drift Detection"
[2026-02-19T00:31:34.380Z] [INFO ] [AI] Using Ollama model: 'llama3' at http://127.0.0.1:11434
[2026-02-19T00:31:38.530Z] [INFO ] [AI] Searching RAG for meeting: "Bi-Weekly Review: WPC Matching "
[2026-02-19T00:31:38.546Z] [INFO ] [AI] Using Ollama model: 'llama3' at http://127.0.0.1:11434
[2026-02-19T00:31:43.249Z] [INFO ] [AI] Searching RAG for meeting: "CPP Mini WBR"
[2026-02-19T00:31:43.265Z] [INFO ] [AI] Using Ollama model: 'llama3' at http://127.0.0.1:11434
[2026-02-19T00:31:47.322Z] [INFO ] [AI] Searching RAG for meeting: "linld@ OOTO 2/19 - 3/19"
[2026-02-19T00:31:47.339Z] [INFO ] [AI] Using Ollama model: 'llama3' at http://127.0.0.1:11434
[2026-02-19T00:31:51.780Z] [INFO ] [AI] Searching RAG for meeting: "Placeholder Invite - RISC Snowball workshop - BLR - Day 3 (19th Feb)"
[2026-02-19T00:31:51.797Z] [INFO ] [AI] Using Ollama model: 'llama3' at http://127.0.0.1:11434
[2026-02-19T00:31:57.119Z] [INFO ] [AI] Searching RAG for meeting: "[Reading] eCF Q4 2025 QBR: ASCS"
[2026-02-19T00:31:57.140Z] [INFO ] [AI] Using Ollama model: 'llama3' at http://127.0.0.1:11434
[2026-02-19T00:32:01.979Z] [INFO ] [AI] Searching RAG for meeting: "[Discussion] eCF Q4 2025 QBR: ASCS"
[2026-02-19T00:32:01.994Z] [INFO ] [AI] Using Ollama model: 'llama3' at http://127.0.0.1:11434
[2026-02-19T00:32:06.955Z] [INFO ] [AI] Searching RAG for meeting: "Artemis Self-Healing: Fallback Phase UX Proposal"
[2026-02-19T00:32:06.973Z] [INFO ] [AI] Using Ollama model: 'llama3' at http://127.0.0.1:11434
[2026-02-19T00:32:11.366Z] [INFO ] [AI] Using Ollama model: 'llama3' at http://127.0.0.1:11434
[2026-02-19T00:32:13.324Z] [INFO ] [AI] Using Ollama model: 'llama3' at http://127.0.0.1:11434
[2026-02-19T00:33:26.396Z] [INFO ] [AI] Using Ollama model: 'llama3' at http://127.0.0.1:11434
[2026-02-19T00:33:28.262Z] [INFO ] [AI] Using Ollama model: 'llama3' at http://127.0.0.1:11434
[2026-02-19T00:34:12.046Z] [INFO ] [AI] Searching RAG for meeting: "Surbhi Jain 02/20 OOTO"
[2026-02-19T00:34:12.098Z] [INFO ] [AI] Using Ollama model: 'llama3' at http://127.0.0.1:11434
[2026-02-19T00:34:23.321Z] [INFO ] [AI] Searching RAG for meeting: "Embedding Excellence: UFC focus [weekly]"
[2026-02-19T00:34:23.373Z] [INFO ] [AI] Using Ollama model: 'llama3' at http://127.0.0.1:11434
